Handle,Title,Body (HTML),Vendor,Product Category,Type,Tags,Published,Option1 Name,Option1 Value,Option2 Name,Option2 Value,Option3 Name,Option3 Value,Variant SKU,Variant Grams,Variant Inventory Tracker,Variant Inventory Qty,Variant Inventory Policy,Variant Fulfillment Service,Variant Price,Variant Compare At Price,Variant Requires Shipping,Variant Taxable,Variant Barcode,Image Src,Image Position,Image Alt Text,Gift Card,SEO Title,SEO Description,Variant Image,Variant Weight Unit,Variant Tax Code,Cost per item,Price / International,Compare At Price / International,Status
irish-lenin-shirt,White Irish Linen Shirt,"<p data-end=""647"" data-start=""247"">Tailored from <strong data-end=""283"" data-start=""261"">100% premium linen</strong>. The <strong data-end=""377"" data-start=""354"">relaxed-fit shirt</strong> features a clean button-down front, full sleeves with cuffs, and a lightweight structure that moves with ease.</p>
<p data-end=""795"" data-start=""649"">A modern take on the <strong data-end=""690"" data-start=""670"">men’s fashion</strong>, this <strong data-end=""727"" data-start=""697"">linen shirt for men</strong> offers timeless style and breathable comfort.</p>
<p data-end=""865"" data-start=""797"">Your order will be reserved upon receipt of a 50% advance payment.</p>
<p data-end=""920"" data-start=""867""><strong data-end=""877"" data-start=""867"">Color:</strong> White<br data-end=""896"" data-start=""893""><strong data-end=""907"" data-start=""896"">Fabric:</strong> 100% Irish Linen</p>",Acme,,Shirts,"Made to Order, Shirt, Shirt Tag",TRUE,Color,White,Size,S,,,,500,,0,deny,manual,10000.00,,TRUE,FALSE,,https://cdn.shopify.com/s/files/1/0942/4103/0444/files/1.jpg?v=1754837674,1,,,,,,g,,,,,active
irish-lenin-shirt,,,,,,,,,,,,,,,,,,,,,,,,,https://cdn.shopify.com/s/files/1/0942/4103/0444/files/2.jpg?v=1754837674,2,,,,,,,,,,,
irish-lenin-shirt,,,,,,,,,,,,,,,,,,,,,,,,,https://cdn.shopify.com/s/files/1/0942/4103/0444/files/3.jpg?v=1754837674,3,,,,,,,,,,,
irish-lenin-shirt,,"<p data-end=""647"" data-start=""247"">Tailored from <strong data-end=""283"" data-start=""261"">100% premium linen</strong>. The <strong data-end=""377"" data-start=""354"">relaxed-fit shirt</strong> features a clean button-down front, full sleeves with cuffs, and a lightweight structure that moves with ease.</p>
<p data-end=""795"" data-start=""649"">A modern take on the <strong data-end=""690"" data-start=""670"">men’s fashion</strong>, this <strong data-end=""727"" data-start=""697"">linen shirt for men</strong> offers timeless style and breathable comfort.</p>
<p data-end=""865"" data-start=""797"">Your order will be reserved upon receipt of a 50% advance payment.</p>
<p data-end=""920"" data-start=""867""><strong data-end=""877"" data-start=""867"">Color:</strong> White<br data-end=""896"" data-start=""893""><strong data-end=""907"" data-start=""896"">Fabric:</strong> 100% Irish Linen</p>",Acme,,Shirts,"Made to Order, Shirt, Shirt Tag",TRUE,Color,White,Size,M,,,,500,,0,deny,manual,10000.00,,TRUE,FALSE,,,,,,,,,g,,,,,active
irish-lenin-shirt,,"<p data-end=""647"" data-start=""247"">Tailored from <strong data-end=""283"" data-start=""261"">100% premium linen</strong>. The <strong data-end=""377"" data-start=""354"">relaxed-fit shirt</strong> features a clean button-down front, full sleeves with cuffs, and a lightweight structure that moves with ease.</p>
<p data-end=""795"" data-start=""649"">A modern take on the <strong data-end=""690"" data-start=""670"">men’s fashion</strong>, this <strong data-end=""727"" data-start=""697"">linen shirt for men</strong> offers timeless style and breathable comfort.</p>
<p data-end=""865"" data-start=""797"">Your order will be reserved upon receipt of a 50% advance payment.</p>
<p data-end=""920"" data-start=""867""><strong data-end=""877"" data-start=""867"">Color:</strong> White<br data-end=""896"" data-start=""893""><strong data-end=""907"" data-start=""896"">Fabric:</strong> 100% Irish Linen</p>",Acme,,Shirts,"Made to Order, Shirt, Shirt Tag",TRUE,Color,White,Size,L,,,,500,,0,deny,manual,10000.00,,TRUE,FALSE,,,,,,,,,g,,,,,active
orange-irish-lenin-shirt,Orange Irish Linen Shirt,"<p data-end=""647"" data-start=""247"">Tailored from <strong data-end=""283"" data-start=""261"">100% premium linen</strong>. The <strong data-end=""377"" data-start=""354"">relaxed-fit shirt</strong> features a clean button-down front, full sleeves with cuffs, and a lightweight structure that moves with ease.</p>
<p data-end=""795"" data-start=""649"">A modern take on the <strong data-end=""690"" data-start=""670"">men’s fashion</strong>, this <strong data-end=""727"" data-start=""697"">linen shirt for men</strong> offers timeless style and breathable comfort.</p>
<p data-end=""865"" data-start=""797"">Your order will be reserved upon receipt of a 50% advance payment.</p>
<p data-end=""920"" data-start=""867""><strong data-end=""877"" data-start=""867"">Color:</strong> Orange<br data-end=""896"" data-start=""893""><strong data-end=""907"" data-start=""896"">Fabric:</strong> 100% Irish Linen</p>",Melone,,Shirts,"orange, Shirt",TRUE,Color,Orange,Size,S,,,,500,,0,deny,manual,10000.00,,TRUE,FALSE,,https://cdn.shopify.com/s/files/1/0942/4103/0444/files/wb-O1.jpg?v=1756300424,1,,,,,,g,,,,,active
orange-irish-lenin-shirt,,,,,,,,,,,,,,,,,,,,,,,,,https://cdn.shopify.com/s/files/1/0942/4103/0444/files/wb-O3.jpg?v=1756302128,2,,,,,,,,,,,
orange-irish-lenin-shirt,,,,,,,,,,,,,,,,,,,,,,,,,https://cdn.shopify.com/s/files/1/0942/4103/0444/files/wb-O2.jpg?v=1756302128,3,,,,,,,,,,,
orange-irish-lenin-shirt,,"<p data-end=""647"" data-start=""247"">Tailored from <strong data-end=""283"" data-start=""261"">100% premium linen</strong>. The <strong data-end=""377"" data-start=""354"">relaxed-fit shirt</strong> features a clean button-down front, full sleeves with cuffs, and a lightweight structure that moves with ease.</p>
<p data-end=""795"" data-start=""649"">A modern take on the <strong data-end=""690"" data-start=""670"">men’s fashion</strong>, this <strong data-end=""727"" data-start=""697"">linen shirt for men</strong> offers timeless style and breathable comfort.</p>
<p data-end=""865"" data-start=""797"">Your order will be reserved upon receipt of a 50% advance payment.</p>
<p data-end=""920"" data-start=""867""><strong data-end=""877"" data-start=""867"">Color:</strong> Orange<br data-end=""896"" data-start=""893""><strong data-end=""907"" data-start=""896"">Fabric:</strong> 100% Irish Linen</p>",Melone,,Shirts,"orange, Shirt",TRUE,Color,Orange,Size,M,,,,500,,0,deny,manual,10000.00,,TRUE,FALSE,,,,,,,,,g,,,,,active
orange-irish-lenin-shirt,,"<p data-end=""647"" data-start=""247"">Tailored from <strong data-end=""283"" data-start=""261"">100% premium linen</strong>. The <strong data-end=""377"" data-start=""354"">relaxed-fit shirt</strong> features a clean button-down front, full sleeves with cuffs, and a lightweight structure that moves with ease.</p>
<p data-end=""795"" data-start=""649"">A modern take on the <strong data-end=""690"" data-start=""670"">men’s fashion</strong>, this <strong data-end=""727"" data-start=""697"">linen shirt for men</strong> offers timeless style and breathable comfort.</p>
<p data-end=""865"" data-start=""797"">Your order will be reserved upon receipt of a 50% advance payment.</p>
<p data-end=""920"" data-start=""867""><strong data-end=""877"" data-start=""867"">Color:</strong> Orange<br data-end=""896"" data-start=""893""><strong data-end=""907"" data-start=""896"">Fabric:</strong> 100% Irish Linen</p>",Melone,,Shirts,"orange, Shirt",TRUE,Color,Orange,Size,L,,,,500,,0,deny,manual,10000.00,,TRUE,FALSE,,,,,,,,,g,,,,,active
pink-irish-lenin-shirt,Pink Irish Linen Shirt,"<p data-start=""649"" data-end=""795""> </p>
<p data-start=""797"" data-end=""865""><meta charset=""utf-8""></p>
<p data-start=""867"" data-end=""920""><meta charset=""utf-8""><a data-encoded-tag-name=""meta"" data-encoded-tag-value="""" data-encoded-attr-charset=""dXRmLTg=""><br data-start=""893"" data-end=""896""><strong data-start=""896"" data-end=""907"">Fabric:</strong> 100% Irish Linen</a></p>",Melone,,Shirts,"Pink, Shirt",TRUE,Color,Pink,Size,S,,,,500,,0,deny,manual,10000.00,,TRUE,FALSE,,https://cdn.shopify.com/s/files/1/0942/4103/0444/files/shirt-ppp-3.jpg?v=1755552573,1,,,,,,g,,,,,active
pink-irish-lenin-shirt,,,,,,,,,,,,,,,,,,,,,,,,,https://cdn.shopify.com/s/files/1/0942/4103/0444/files/shirt-ppp-2_f7ea7bce-397a-4896-a74a-519a988a2a43.jpg?v=1755552680,2,,,,,,,,,,,
pink-irish-lenin-shirt,,,,,,,,,,,,,,,,,,,,,,,,,https://cdn.shopify.com/s/files/1/0942/4103/0444/files/shirt-p-1_6c4234d5-5a4d-4961-89e1-6fa1aad0ac99.jpg?v=1755552680,3,,,,,,,,,,,
pink-irish-lenin-shirt,,"<p data-start=""649"" data-end=""795""> </p>
<p data-start=""797"" data-end=""865""><meta charset=""utf-8""></p>
<p data-start=""867"" data-end=""920""><meta charset=""utf-8""><a data-encoded-tag-name=""meta"" data-encoded-tag-value="""" data-encoded-attr-charset=""dXRmLTg=""><br data-start=""893"" data-end=""896""><strong data-start=""896"" data-end=""907"">Fabric:</strong> 100% Irish Linen</a></p>",Melone,,Shirts,"Pink, Shirt",TRUE,Color,Pink,Size,M,,,,500,,0,deny,manual,10000.00,,TRUE,FALSE,,,,,,,,,g,,,,,active
pink-irish-lenin-shirt,,"<p data-start=""649"" data-end=""795""> </p>
<p data-start=""797"" data-end=""865""><meta charset=""utf-8""></p>
<p data-start=""867"" data-end=""920""><meta charset=""utf-8""><a data-encoded-tag-name=""meta"" data-encoded-tag-value="""" data-encoded-attr-charset=""dXRmLTg=""><br data-start=""893"" data-end=""896""><strong data-start=""896"" data-end=""907"">Fabric:</strong> 100% Irish Linen</a></p>",Melone,,Shirts,"Pink, Shirt",TRUE,Color,Pink,Size,L,,,,500,,0,deny,manual,10000.00,,TRUE,FALSE,,,,,,,,,g,,,,,active
brown-irish-lenin-shacket-set,Brown Irish Linen Shacket Set,"<p data-end=""647"" data-start=""247"">Tailored from <strong data-end=""283"" data-start=""261"">100% premium linen</strong>, this co-ord set combines refined design with effortless comfort. The <strong data-end=""377"" data-start=""354"">relaxed-fit shacket</strong> features a clean button-down front, full sleeves with cuffs, and a lightweight structure that moves with ease. Paired with <strong data-end=""537"" data-start=""510"">tailored linen trousers</strong>, it creates a versatile silhouette—perfect for both formal wear and elevated evenings.</p>
<p data-end=""795"" data-start=""649"">A modern take on the <strong data-end=""690"" data-start=""670"">men’s co-ord set</strong>, this <strong data-end=""727"" data-start=""697"">linen matching set for men</strong> offers timeless style, breathable comfort, and seasonless appeal.</p>
<p data-end=""865"" data-start=""797"">Your order will be reserved upon receipt of a 50% advance payment.</p>
<p data-end=""920"" data-start=""867""><strong data-end=""877"" data-start=""867"">Color:</strong> Brown<br data-end=""896"" data-start=""893""><strong data-end=""907"" data-start=""896"">Fabric:</strong> 100% Irish Linen</p>",House of Melone,,Shirt and pants,"Brown, Shacket Set",TRUE,Color,Brown,Size,S,,,,500,,0,deny,manual,25000.00,,TRUE,FALSE,,https://cdn.shopify.com/s/files/1/0942/4103/0444/files/wb-b1.jpg?v=1756385142,1,,,,,,g,,,,,active
brown-irish-lenin-shacket-set,,,,,,,,,,,,,,,,,,,,,,,,,https://cdn.shopify.com/s/files/1/0942/4103/0444/files/wb-2.jpg?v=1756385142,2,,,,,,,,,,,
brown-irish-lenin-shacket-set,,,,,,,,,,,,,,,,,,,,,,,,,https://cdn.shopify.com/s/files/1/0942/4103/0444/files/wb-3.jpg?v=1756385142,3,,,,,,,,,,,
brown-irish-lenin-shacket-set,,"<p data-end=""647"" data-start=""247"">Tailored from <strong data-end=""283"" data-start=""261"">100% premium linen</strong>, this co-ord set combines refined design with effortless comfort. The <strong data-end=""377"" data-start=""354"">relaxed-fit shacket</strong> features a clean button-down front, full sleeves with cuffs, and a lightweight structure that moves with ease. Paired with <strong data-end=""537"" data-start=""510"">tailored linen trousers</strong>, it creates a versatile silhouette—perfect for both formal wear and elevated evenings.</p>
<p data-end=""795"" data-start=""649"">A modern take on the <strong data-end=""690"" data-start=""670"">men’s co-ord set</strong>, this <strong data-end=""727"" data-start=""697"">linen matching set for men</strong> offers timeless style, breathable comfort, and seasonless appeal.</p>
<p data-end=""865"" data-start=""797"">Your order will be reserved upon receipt of a 50% advance payment.</p>
<p data-end=""920"" data-start=""867""><strong data-end=""877"" data-start=""867"">Color:</strong> Brown<br data-end=""896"" data-start=""893""><strong data-end=""907"" data-start=""896"">Fabric:</strong> 100% Irish Linen</p>",House of Melone,,Shirt and pants,"Brown, Shacket Set",TRUE,Color,Brown,Size,M,,,,500,,0,deny,manual,25000.00,,TRUE,FALSE,,,,,,,,,g,,,,,active
brown-irish-lenin-shacket-set,,"<p data-end=""647"" data-start=""247"">Tailored from <strong data-end=""283"" data-start=""261"">100% premium linen</strong>, this co-ord set combines refined design with effortless comfort. The <strong data-end=""377"" data-start=""354"">relaxed-fit shacket</strong> features a clean button-down front, full sleeves with cuffs, and a lightweight structure that moves with ease. Paired with <strong data-end=""537"" data-start=""510"">tailored linen trousers</strong>, it creates a versatile silhouette—perfect for both formal wear and elevated evenings.</p>
<p data-end=""795"" data-start=""649"">A modern take on the <strong data-end=""690"" data-start=""670"">men’s co-ord set</strong>, this <strong data-end=""727"" data-start=""697"">linen matching set for men</strong> offers timeless style, breathable comfort, and seasonless appeal.</p>
<p data-end=""865"" data-start=""797"">Your order will be reserved upon receipt of a 50% advance payment.</p>
<p data-end=""920"" data-start=""867""><strong data-end=""877"" data-start=""867"">Color:</strong> Brown<br data-end=""896"" data-start=""893""><strong data-end=""907"" data-start=""896"">Fabric:</strong> 100% Irish Linen</p>",House of Melone,,Shirt and pants,"Brown, Shacket Set",TRUE,Color,Brown,Size,L,,,,500,,0,deny,manual,25000.00,,TRUE,FALSE,,,,,,,,,g,,,,,active
red-wine-maroon-irish-lenin-shacket-set,Red Wine Maroon Irish Linen Shacket Set,"<p data-end=""647"" data-start=""247"">Tailored from <strong data-end=""283"" data-start=""261"">100% premium linen</strong>, this co-ord set combines refined design with effortless comfort. The <strong data-end=""377"" data-start=""354"">relaxed-fit shacket</strong> features a clean button-down front, full sleeves with cuffss, and a lightweight structure that moves with ease. Paired with <strong data-end=""537"" data-start=""510"">tailored linen trousers</strong>, it creates a versatile silhouette—perfect for both formal wear and elevated evenings.</p>
<p data-end=""795"" data-start=""649"">A modern take on the <strong data-end=""690"" data-start=""670"">men’s co-ord set</strong>, this <strong data-end=""727"" data-start=""697"">linen matching set for men</strong> offers timeless style, breathable comfort, and seasonless appeal.</p>
<p data-end=""865"" data-start=""797"">Your order will be reserved upon receipt of a 50% advance payment.</p>
<p data-end=""920"" data-start=""867""><strong data-end=""877"" data-start=""867"">Color:</strong> Red Wine Maroon<br data-end=""896"" data-start=""893""><strong data-end=""907"" data-start=""896"">Fabric:</strong> 100% Irish Linen</p>",House of Melone,,Shirt and pants,"Red Wine Maroon, Shacket Set",TRUE,Color,Red Wine Maroon,Size,S,,,,500,,0,deny,manual,25000.00,,TRUE,FALSE,,https://cdn.shopify.com/s/files/1/0942/4103/0444/files/wb-RW1.jpg?v=1756379809,1,,,,,,g,,,,,active
red-wine-maroon-irish-lenin-shacket-set,,,,,,,,,,,,,,,,,,,,,,,,,https://cdn.shopify.com/s/files/1/0942/4103/0444/files/wb-RW2.jpg?v=1756379809,2,,,,,,,,,,,
red-wine-maroon-irish-lenin-shacket-set,,,,,,,,,,,,,,,,,,,,,,,,,https://cdn.shopify.com/s/files/1/0942/4103/0444/files/wb-RW3.jpg?v=1756379809,3,,,,,,,,,,,
red-wine-maroon-irish-lenin-shacket-set,,"<p data-end=""647"" data-start=""247"">Tailored from <strong data-end=""283"" data-start=""261"">100% premium linen</strong>, this co-ord set combines refined design with effortless comfort. The <strong data-end=""377"" data-start=""354"">relaxed-fit shacket</strong> features a clean button-down front, full sleeves with cuffss, and a lightweight structure that moves with ease. Paired with <strong data-end=""537"" data-start=""510"">tailored linen trousers</strong>, it creates a versatile silhouette—perfect for both formal wear and elevated evenings.</p>
<p data-end=""795"" data-start=""649"">A modern take on the <strong data-end=""690"" data-start=""670"">men’s co-ord set</strong>, this <strong data-end=""727"" data-start=""697"">linen matching set for men</strong> offers timeless style, breathable comfort, and seasonless appeal.</p>
<p data-end=""865"" data-start=""797"">Your order will be reserved upon receipt of a 50% advance payment.</p>
<p data-end=""920"" data-start=""867""><strong data-end=""877"" data-start=""867"">Color:</strong> Red Wine Maroon<br data-end=""896"" data-start=""893""><strong data-end=""907"" data-start=""896"">Fabric:</strong> 100% Irish Linen</p>",House of Melone,,Shirt and pants,"Red Wine Maroon, Shacket Set",TRUE,Color,Red Wine Maroon,Size,M,,,,500,,0,deny,manual,25000.00,,TRUE,FALSE,,,,,,,,,g,,,,,active
red-wine-maroon-irish-lenin-shacket-set,,"<p data-end=""647"" data-start=""247"">Tailored from <strong data-end=""283"" data-start=""261"">100% premium linen</strong>, this co-ord set combines refined design with effortless comfort. The <strong data-end=""377"" data-start=""354"">relaxed-fit shacket</strong> features a clean button-down front, full sleeves with cuffss, and a lightweight structure that moves with ease. Paired with <strong data-end=""537"" data-start=""510"">tailored linen trousers</strong>, it creates a versatile silhouette—perfect for both formal wear and elevated evenings.</p>
<p data-end=""795"" data-start=""649"">A modern take on the <strong data-end=""690"" data-start=""670"">men’s co-ord set</strong>, this <strong data-end=""727"" data-start=""697"">linen matching set for men</strong> offers timeless style, breathable comfort, and seasonless appeal.</p>
<p data-end=""865"" data-start=""797"">Your order will be reserved upon receipt of a 50% advance payment.</p>
<p data-end=""920"" data-start=""867""><strong data-end=""877"" data-start=""867"">Color:</strong> Red Wine Maroon<br data-end=""896"" data-start=""893""><strong data-end=""907"" data-start=""896"">Fabric:</strong> 100% Irish Linen</p>",House of Melone,,Shirt and pants,"Red Wine Maroon, Shacket Set",TRUE,Color,Red Wine Maroon,Size,L,,,,500,,0,deny,manual,25000.00,,TRUE,FALSE,,,,,,,,,g,,,,,active
black-irish-lenin-shacket-set,Black Irish Linen Shacket Set,"<p data-start=""247"" data-end=""647"">Tailored from <strong data-start=""261"" data-end=""283"">100% premium linen</strong>, this co-ord set combines refined design with effortless comfort. The <strong data-start=""354"" data-end=""377"">relaxed-fit shacket</strong> features a clean Jacket style front, half sleeves and a lightweight structure that moves with ease. Paired with <strong data-start=""510"" data-end=""537"">tailored linen trousers</strong>, it creates a versatile silhouette—perfect for both formal wear and elevated evenings.</p>
<p data-start=""649"" data-end=""795"">A modern take on the <strong data-start=""670"" data-end=""690"">men’s co-ord set</strong>, this <strong data-start=""697"" data-end=""727"">linen matching set for men</strong> offers timeless style, breathable comfort, and seasonless appeal.</p>
<p data-start=""797"" data-end=""865"">Your order will be reserved upon receipt of a 50% advance payment.</p>
<p data-start=""867"" data-end=""920""><strong data-start=""867"" data-end=""877"">Color:</strong> Black<br data-start=""893"" data-end=""896""><strong data-start=""896"" data-end=""907"">Fabric:</strong> 100% Irish Linen</p>",House of Melone,,Shirt and pants,"Black, Shacket Set",TRUE,Color,Black,Size,S,,,,500,,0,deny,manual,25000.00,,TRUE,FALSE,,https://cdn.shopify.com/s/files/1/0942/4103/0444/files/shacket-b-1.jpg?v=1756317088,1,,,,,,g,,,,,active
black-irish-lenin-shacket-set,,,,,,,,,,,,,,,,,,,,,,,,,https://cdn.shopify.com/s/files/1/0942/4103/0444/files/shacket-b-2.jpg?v=1756317087,2,,,,,,,,,,,
black-irish-lenin-shacket-set,,,,,,,,,,,,,,,,,,,,,,,,,https://cdn.shopify.com/s/files/1/0942/4103/0444/files/shacket-b-3.jpg?v=1756317088,3,,,,,,,,,,,
black-irish-lenin-shacket-set,,"<p data-start=""247"" data-end=""647"">Tailored from <strong data-start=""261"" data-end=""283"">100% premium linen</strong>, this co-ord set combines refined design with effortless comfort. The <strong data-start=""354"" data-end=""377"">relaxed-fit shacket</strong> features a clean Jacket style front, half sleeves and a lightweight structure that moves with ease. Paired with <strong data-start=""510"" data-end=""537"">tailored linen trousers</strong>, it creates a versatile silhouette—perfect for both formal wear and elevated evenings.</p>
<p data-start=""649"" data-end=""795"">A modern take on the <strong data-start=""670"" data-end=""690"">men’s co-ord set</strong>, this <strong data-start=""697"" data-end=""727"">linen matching set for men</strong> offers timeless style, breathable comfort, and seasonless appeal.</p>
<p data-start=""797"" data-end=""865"">Your order will be reserved upon receipt of a 50% advance payment.</p>
<p data-start=""867"" data-end=""920""><strong data-start=""867"" data-end=""877"">Color:</strong> Black<br data-start=""893"" data-end=""896""><strong data-start=""896"" data-end=""907"">Fabric:</strong> 100% Irish Linen</p>",House of Melone,,Shirt and pants,"Black, Shacket Set",TRUE,Color,Black,Size,M,,,,500,,0,deny,manual,25000.00,,TRUE,FALSE,,,,,,,,,g,,,,,active
black-irish-lenin-shacket-set,,"<p data-start=""247"" data-end=""647"">Tailored from <strong data-start=""261"" data-end=""283"">100% premium linen</strong>, this co-ord set combines refined design with effortless comfort. The <strong data-start=""354"" data-end=""377"">relaxed-fit shacket</strong> features a clean Jacket style front, half sleeves and a lightweight structure that moves with ease. Paired with <strong data-start=""510"" data-end=""537"">tailored linen trousers</strong>, it creates a versatile silhouette—perfect for both formal wear and elevated evenings.</p>
<p data-start=""649"" data-end=""795"">A modern take on the <strong data-start=""670"" data-end=""690"">men’s co-ord set</strong>, this <strong data-start=""697"" data-end=""727"">linen matching set for men</strong> offers timeless style, breathable comfort, and seasonless appeal.</p>
<p data-start=""797"" data-end=""865"">Your order will be reserved upon receipt of a 50% advance payment.</p>
<p data-start=""867"" data-end=""920""><strong data-start=""867"" data-end=""877"">Color:</strong> Black<br data-start=""893"" data-end=""896""><strong data-start=""896"" data-end=""907"">Fabric:</strong> 100% Irish Linen</p>",House of Melone,,Shirt and pants,"Black, Shacket Set",TRUE,Color,Black,Size,L,,,,500,,0,deny,manual,25000.00,,TRUE,FALSE,,,,,,,,,g,,,,,active
army-green-irish-lenin-shacket-set,Army Green Irish Linen Shacket Set,"<p data-end=""647"" data-start=""247"">Tailored from <strong data-end=""283"" data-start=""261"">100% premium linen</strong>, this co-ord set combines refined design with effortless comfort. The <strong data-end=""377"" data-start=""354"">relaxed-fit shacket</strong> features a clean button-down front, long sleeves with buttoned cuffs, and a lightweight structure that moves with ease. Paired with <strong data-end=""537"" data-start=""510"">tailored linen trousers</strong>, it creates a versatile silhouette—perfect for both formal wear and elevated evenings.</p>
<p data-end=""795"" data-start=""649"">A modern take on the <strong data-end=""690"" data-start=""670"">men’s co-ord set</strong>, this <strong data-end=""727"" data-start=""697"">linen matching set for men</strong> offers timeless style, breathable comfort, and seasonless appeal.</p>
<p data-end=""865"" data-start=""797"">Your order will be reserved upon receipt of a 50% advance payment.</p>
<p data-end=""920"" data-start=""867""><strong data-end=""877"" data-start=""867"">Color:</strong> Army Green<br data-end=""896"" data-start=""893""><strong data-end=""907"" data-start=""896"">Fabric:</strong> 100% Irish Linen</p>",House of Melone,,Shirt and pants,"Army Green, Shacket Set",TRUE,Color,Army Green,Size,S,,,,500,,0,deny,manual,25000.00,,TRUE,FALSE,,https://cdn.shopify.com/s/files/1/0942/4103/0444/files/wb-mg1.jpg?v=1756385587,1,,,,,,g,,,,,active
army-green-irish-lenin-shacket-set,,,,,,,,,,,,,,,,,,,,,,,,,https://cdn.shopify.com/s/files/1/0942/4103/0444/files/wb-mg3.jpg?v=1756386021,2,,,,,,,,,,,
army-green-irish-lenin-shacket-set,,,,,,,,,,,,,,,,,,,,,,,,,https://cdn.shopify.com/s/files/1/0942/4103/0444/files/wb-mg4.jpg?v=1756386021,3,,,,,,,,,,,
army-green-irish-lenin-shacket-set,,,,,,,,,,,,,,,,,,,,,,,,,https://cdn.shopify.com/s/files/1/0942/4103/0444/files/wb-mg2.jpg?v=1756386021,4,,,,,,,,,,,
army-green-irish-lenin-shacket-set,,"<p data-end=""647"" data-start=""247"">Tailored from <strong data-end=""283"" data-start=""261"">100% premium linen</strong>, this co-ord set combines refined design with effortless comfort. The <strong data-end=""377"" data-start=""354"">relaxed-fit shacket</strong> features a clean button-down front, long sleeves with buttoned cuffs, and a lightweight structure that moves with ease. Paired with <strong data-end=""537"" data-start=""510"">tailored linen trousers</strong>, it creates a versatile silhouette—perfect for both formal wear and elevated evenings.</p>
<p data-end=""795"" data-start=""649"">A modern take on the <strong data-end=""690"" data-start=""670"">men’s co-ord set</strong>, this <strong data-end=""727"" data-start=""697"">linen matching set for men</strong> offers timeless style, breathable comfort, and seasonless appeal.</p>
<p data-end=""865"" data-start=""797"">Your order will be reserved upon receipt of a 50% advance payment.</p>
<p data-end=""920"" data-start=""867""><strong data-end=""877"" data-start=""867"">Color:</strong> Army Green<br data-end=""896"" data-start=""893""><strong data-end=""907"" data-start=""896"">Fabric:</strong> 100% Irish Linen</p>",House of Melone,,Shirt and pants,"Army Green, Shacket Set",TRUE,Color,Army Green,Size,M,,,,500,,0,deny,manual,25000.00,,TRUE,FALSE,,,,,,,,,g,,,,,active
army-green-irish-lenin-shacket-set,,"<p data-end=""647"" data-start=""247"">Tailored from <strong data-end=""283"" data-start=""261"">100% premium linen</strong>, this co-ord set combines refined design with effortless comfort. The <strong data-end=""377"" data-start=""354"">relaxed-fit shacket</strong> features a clean button-down front, long sleeves with buttoned cuffs, and a lightweight structure that moves with ease. Paired with <strong data-end=""537"" data-start=""510"">tailored linen trousers</strong>, it creates a versatile silhouette—perfect for both formal wear and elevated evenings.</p>
<p data-end=""795"" data-start=""649"">A modern take on the <strong data-end=""690"" data-start=""670"">men’s co-ord set</strong>, this <strong data-end=""727"" data-start=""697"">linen matching set for men</strong> offers timeless style, breathable comfort, and seasonless appeal.</p>
<p data-end=""865"" data-start=""797"">Your order will be reserved upon receipt of a 50% advance payment.</p>
<p data-end=""920"" data-start=""867""><strong data-end=""877"" data-start=""867"">Color:</strong> Army Green<br data-end=""896"" data-start=""893""><strong data-end=""907"" data-start=""896"">Fabric:</strong> 100% Irish Linen</p>",House of Melone,,Shirt and pants,"Army Green, Shacket Set",TRUE,Color,Army Green,Size,L,,,,500,,0,deny,manual,25000.00,,TRUE,FALSE,,,,,,,,,g,,,,,active
navy-blue-irish-lenin-shacket-set,Navy Blue Irish Linen Shacket Set,"<p data-start=""247"" data-end=""647"">Tailored from <strong data-start=""261"" data-end=""283"">100% premium linen</strong>, this co-ord set combines refined design with effortless comfort. The <strong data-start=""354"" data-end=""377"">relaxed-fit shacket</strong> features a clean zip-down front, long sleeves with buttoned cuffs, and a lightweight structure that moves with ease. Paired with <strong data-start=""510"" data-end=""537"">tailored linen trousers</strong>, it creates a versatile silhouette—perfect for both formal wear and elevated evenings.</p>
<p data-start=""649"" data-end=""795"">A modern take on the <strong data-start=""670"" data-end=""690"">men’s co-ord set</strong>, this <strong data-start=""697"" data-end=""727"">linen matching set for men</strong> offers timeless style, breathable comfort, and seasonless appeal.</p>
<p data-start=""797"" data-end=""865"">Your order will be reserved upon receipt of a 50% advance payment.</p>
<p data-start=""867"" data-end=""920""><strong data-start=""867"" data-end=""877"">Color:</strong> Navy Blue<br data-start=""893"" data-end=""896""><strong data-start=""896"" data-end=""907"">Fabric:</strong> 100% Irish Linen</p>",House of Melone,,Shirt and pants,"Navy Blue, Shacket Set",TRUE,Color,Navy Blue,Size,S,,,,500,,0,deny,manual,25000.00,,TRUE,FALSE,,https://cdn.shopify.com/s/files/1/0942/4103/0444/files/wb-bb3.jpg?v=1756394478,1,,,,,,g,,,,,active
navy-blue-irish-lenin-shacket-set,,,,,,,,,,,,,,,,,,,,,,,,,https://cdn.shopify.com/s/files/1/0942/4103/0444/files/wb-bb2.jpg?v=1756394478,2,,,,,,,,,,,
navy-blue-irish-lenin-shacket-set,,,,,,,,,,,,,,,,,,,,,,,,,https://cdn.shopify.com/s/files/1/0942/4103/0444/files/wb-bb1.jpg?v=1756394478,3,,,,,,,,,,,
navy-blue-irish-lenin-shacket-set,,"<p data-start=""247"" data-end=""647"">Tailored from <strong data-start=""261"" data-end=""283"">100% premium linen</strong>, this co-ord set combines refined design with effortless comfort. The <strong data-start=""354"" data-end=""377"">relaxed-fit shacket</strong> features a clean zip-down front, long sleeves with buttoned cuffs, and a lightweight structure that moves with ease. Paired with <strong data-start=""510"" data-end=""537"">tailored linen trousers</strong>, it creates a versatile silhouette—perfect for both formal wear and elevated evenings.</p>
<p data-start=""649"" data-end=""795"">A modern take on the <strong data-start=""670"" data-end=""690"">men’s co-ord set</strong>, this <strong data-start=""697"" data-end=""727"">linen matching set for men</strong> offers timeless style, breathable comfort, and seasonless appeal.</p>
<p data-start=""797"" data-end=""865"">Your order will be reserved upon receipt of a 50% advance payment.</p>
<p data-start=""867"" data-end=""920""><strong data-start=""867"" data-end=""877"">Color:</strong> Navy Blue<br data-start=""893"" data-end=""896""><strong data-start=""896"" data-end=""907"">Fabric:</strong> 100% Irish Linen</p>",House of Melone,,Shirt and pants,"Navy Blue, Shacket Set",TRUE,Color,Navy Blue,Size,M,,,,500,,0,deny,manual,25000.00,,TRUE,FALSE,,,,,,,,,g,,,,,active
navy-blue-irish-lenin-shacket-set,,"<p data-start=""247"" data-end=""647"">Tailored from <strong data-start=""261"" data-end=""283"">100% premium linen</strong>, this co-ord set combines refined design with effortless comfort. The <strong data-start=""354"" data-end=""377"">relaxed-fit shacket</strong> features a clean zip-down front, long sleeves with buttoned cuffs, and a lightweight structure that moves with ease. Paired with <strong data-start=""510"" data-end=""537"">tailored linen trousers</strong>, it creates a versatile silhouette—perfect for both formal wear and elevated evenings.</p>
<p data-start=""649"" data-end=""795"">A modern take on the <strong data-start=""670"" data-end=""690"">men’s co-ord set</strong>, this <strong data-start=""697"" data-end=""727"">linen matching set for men</strong> offers timeless style, breathable comfort, and seasonless appeal.</p>
<p data-start=""797"" data-end=""865"">Your order will be reserved upon receipt of a 50% advance payment.</p>
<p data-start=""867"" data-end=""920""><strong data-start=""867"" data-end=""877"">Color:</strong> Navy Blue<br data-start=""893"" data-end=""896""><strong data-start=""896"" data-end=""907"">Fabric:</strong> 100% Irish Linen</p>",House of Melone,,Shirt and pants,"Navy Blue, Shacket Set",TRUE,Color,Navy Blue,Size,L,,,,500,,0,deny,manual,25000.00,,TRUE,FALSE,,,,,,,,,g,,,,,active
off-white-irish-lenin-shirt,Off White Irish Linen Shirt,"<p data-end=""647"" data-start=""247"">Tailored from <strong data-end=""283"" data-start=""261"">100% premium linen</strong>. The <strong data-end=""377"" data-start=""354"">relaxed-fit shirt</strong> features a clean button-down front, full sleeves with cuffs, and a lightweight structure that moves with ease.</p>
<p data-end=""795"" data-start=""649"">A modern take on the <strong data-end=""690"" data-start=""670"">men’s fashion</strong>, this <strong data-end=""727"" data-start=""697"">linen shirt for men</strong> offers timeless style and breathable comfort.</p>
<p data-start=""797"" data-end=""865""><meta charset=""utf-8""></p>
<p data-start=""867"" data-end=""920""><meta charset=""utf-8""><a data-encoded-tag-name=""meta"" data-encoded-tag-value="""" data-encoded-attr-charset=""dXRmLTg=""></a><a data-encoded-tag-name=""meta"" data-encoded-tag-value="""" data-encoded-attr-charset=""dXRmLTg=""><span>Off </span>White<br data-start=""893"" data-end=""896""><strong data-start=""896"" data-end=""907"">Fabric:</strong> 100% Irish Linen</a></p>",House of Melone,,Shirts,"OffWhite, Shirt",TRUE,Color,OffWhite,Size,S,,,,500,,0,deny,manual,10000.00,,TRUE,FALSE,,https://cdn.shopify.com/s/files/1/0942/4103/0444/files/1-oww.png?v=1757178589,1,,,,,,g,,,,,active
off-white-irish-lenin-shirt,,,,,,,,,,,,,,,,,,,,,,,,,https://cdn.shopify.com/s/files/1/0942/4103/0444/files/2-oww.png?v=1757178589,2,,,,,,,,,,,
off-white-irish-lenin-shirt,,,,,,,,,,,,,,,,,,,,,,,,,https://cdn.shopify.com/s/files/1/0942/4103/0444/files/3-oww.png?v=1757178589,3,,,,,,,,,,,
off-white-irish-lenin-shirt,,"<p data-end=""647"" data-start=""247"">Tailored from <strong data-end=""283"" data-start=""261"">100% premium linen</strong>. The <strong data-end=""377"" data-start=""354"">relaxed-fit shirt</strong> features a clean button-down front, full sleeves with cuffs, and a lightweight structure that moves with ease.</p>
<p data-end=""795"" data-start=""649"">A modern take on the <strong data-end=""690"" data-start=""670"">men’s fashion</strong>, this <strong data-end=""727"" data-start=""697"">linen shirt for men</strong> offers timeless style and breathable comfort.</p>
<p data-start=""797"" data-end=""865""><meta charset=""utf-8""></p>
<p data-start=""867"" data-end=""920""><meta charset=""utf-8""><a data-encoded-tag-name=""meta"" data-encoded-tag-value="""" data-encoded-attr-charset=""dXRmLTg=""></a><a data-encoded-tag-name=""meta"" data-encoded-tag-value="""" data-encoded-attr-charset=""dXRmLTg=""><span>Off </span>White<br data-start=""893"" data-end=""896""><strong data-start=""896"" data-end=""907"">Fabric:</strong> 100% Irish Linen</a></p>",House of Melone,,Shirts,"OffWhite, Shirt",TRUE,Color,OffWhite,Size,M,,,,500,,0,deny,manual,10000.00,,TRUE,FALSE,,,,,,,,,g,,,,,active
off-white-irish-lenin-shirt,,"<p data-end=""647"" data-start=""247"">Tailored from <strong data-end=""283"" data-start=""261"">100% premium linen</strong>. The <strong data-end=""377"" data-start=""354"">relaxed-fit shirt</strong> features a clean button-down front, full sleeves with cuffs, and a lightweight structure that moves with ease.</p>
<p data-end=""795"" data-start=""649"">A modern take on the <strong data-end=""690"" data-start=""670"">men’s fashion</strong>, this <strong data-end=""727"" data-start=""697"">linen shirt for men</strong> offers timeless style and breathable comfort.</p>
<p data-start=""797"" data-end=""865""><meta charset=""utf-8""></p>
<p data-start=""867"" data-end=""920""><meta charset=""utf-8""><a data-encoded-tag-name=""meta"" data-encoded-tag-value="""" data-encoded-attr-charset=""dXRmLTg=""></a><a data-encoded-tag-name=""meta"" data-encoded-tag-value="""" data-encoded-attr-charset=""dXRmLTg=""><span>Off </span>White<br data-start=""893"" data-end=""896""><strong data-start=""896"" data-end=""907"">Fabric:</strong> 100% Irish Linen</a></p>",House of Melone,,Shirts,"OffWhite, Shirt",TRUE,Color,OffWhite,Size,L,,,,500,,0,deny,manual,10000.00,,TRUE,FALSE,,,,,,,,,g,,,,,active
black-basic-tucker-hat,Black Basic Tucker Cap,<p>Black Basic Tucker Cap</p>,Melone,,Caps,"Black, Cap",TRUE,Color,Black,,,,,,500,,0,deny,manual,1500.00,,TRUE,FALSE,,https://cdn.shopify.com/s/files/1/0942/4103/0444/files/wb-black-1.jpg?v=1763735053,1,,,,,,g,,,,,active
black-basic-tucker-hat,,,,,,,,,,,,,,,,,,,,,,,,,https://cdn.shopify.com/s/files/1/0942/4103/0444/files/wb-black.jpg?v=1763735052,2,,,,,,,,,,,
blue-basic-tucker-hat,Blue Basic Tucker Cap,<p>Blue Basic Tucker Cap</p>,Melone,,Caps,"Blue, Cap",TRUE,Color,Blue,,,,,,500,,0,deny,manual,1500.00,,TRUE,FALSE,,https://cdn.shopify.com/s/files/1/0942/4103/0444/files/wb-cap-blue_724cc789-c771-4025-a633-09cb05f6f367.jpg?v=1763735128,1,,,,,,g,,,,,active
grey-basic-tucker-hat,Grey Basic Tucker Cap,<p>Grey Basic Tucker Cap</p>,Melone,,Caps,"Cap, Grey",TRUE,Color,Grey,,,,,,500,,0,deny,manual,1500.00,,TRUE,FALSE,,https://cdn.shopify.com/s/files/1/0942/4103/0444/files/wb-cap-grey-2.jpg?v=1763735418,1,,,,,,g,,,,,active
grey-basic-tucker-hat,,,,,,,,,,,,,,,,,,,,,,,,,https://cdn.shopify.com/s/files/1/0942/4103/0444/files/wb-cap-grey.jpg?v=1763735418,2,,,,,,,,,,,
black-charsadda-panjedar-chappal,Black Leather Charsadda Panjedar Chappal,"<p>Charsadda Panjedar Chappal is a traditional handmade footwear style that originated from Charsadda, a historic city near Peshawar in Khyber Pakhtunkhwa, Pakistan. It's a proud symbol of Pashtun craftsmanship and is often  worn at weddings, Eid, and  cultural gatherings.</p>
<p>Material: Leather</p>",Melone,,Charsadda Panjedar Chappal,"Black, chappal",TRUE,Color,Black,Size,6,,,,500,,0,deny,manual,4500.00,,TRUE,FALSE,,https://cdn.shopify.com/s/files/1/0942/4103/0444/files/Khairian.blkh.jpg?v=1765645988,1,,,,,,g,,,,,active
black-charsadda-panjedar-chappal,,,,,,,,,,,,,,,,,,,,,,,,,https://cdn.shopify.com/s/files/1/0942/4103/0444/files/Khairian.blk.jpg?v=1765645988,2,,,,,,,,,,,
black-charsadda-panjedar-chappal,,,,,,,,,,,,,,,,,,,,,,,,,https://cdn.shopify.com/s/files/1/0942/4103/0444/files/Khairian.blk_c3916f43-cf5f-49ba-bc68-265aef6c626b.jpg?v=1765645988,3,,,,,,,,,,,
black-charsadda-panjedar-chappal,,"<p>Charsadda Panjedar Chappal is a traditional handmade footwear style that originated from Charsadda, a historic city near Peshawar in Khyber Pakhtunkhwa, Pakistan. It's a proud symbol of Pashtun craftsmanship and is often  worn at weddings, Eid, and  cultural gatherings.</p>
<p>Material: Leather</p>",Melone,,Charsadda Panjedar Chappal,"Black, chappal",TRUE,Color,Black,Size,7,,,,500,,0,deny,manual,4500.00,,TRUE,FALSE,,,,,,,,,g,,,,,active
black-charsadda-panjedar-chappal,,"<p>Charsadda Panjedar Chappal is a traditional handmade footwear style that originated from Charsadda, a historic city near Peshawar in Khyber Pakhtunkhwa, Pakistan. It's a proud symbol of Pashtun craftsmanship and is often  worn at weddings, Eid, and  cultural gatherings.</p>
<p>Material: Leather</p>",Melone,,Charsadda Panjedar Chappal,"Black, chappal",TRUE,Color,Black,Size,8,,,,500,,0,deny,manual,4500.00,,TRUE,FALSE,,,,,,,,,g,,,,,active
black-charsadda-panjedar-chappal,,"<p>Charsadda Panjedar Chappal is a traditional handmade footwear style that originated from Charsadda, a historic city near Peshawar in Khyber Pakhtunkhwa, Pakistan. It's a proud symbol of Pashtun craftsmanship and is often  worn at weddings, Eid, and  cultural gatherings.</p>
<p>Material: Leather</p>",Melone,,Charsadda Panjedar Chappal,"Black, chappal",TRUE,Color,Black,Size,9,,,,500,,0,deny,manual,4500.00,,TRUE,FALSE,,,,,,,,,g,,,,,active
black-charsadda-panjedar-chappal,,"<p>Charsadda Panjedar Chappal is a traditional handmade footwear style that originated from Charsadda, a historic city near Peshawar in Khyber Pakhtunkhwa, Pakistan. It's a proud symbol of Pashtun craftsmanship and is often  worn at weddings, Eid, and  cultural gatherings.</p>
<p>Material: Leather</p>",Melone,,Charsadda Panjedar Chappal,"Black, chappal",TRUE,Color,Black,Size,10,,,,500,,0,deny,manual,4500.00,,TRUE,FALSE,,,,,,,,,g,,,,,active
black-charsadda-panjedar-chappal,,"<p>Charsadda Panjedar Chappal is a traditional handmade footwear style that originated from Charsadda, a historic city near Peshawar in Khyber Pakhtunkhwa, Pakistan. It's a proud symbol of Pashtun craftsmanship and is often  worn at weddings, Eid, and  cultural gatherings.</p>
<p>Material: Leather</p>",Melone,,Charsadda Panjedar Chappal,"Black, chappal",TRUE,Color,Black,Size,11,,,,500,,0,deny,manual,4500.00,,TRUE,FALSE,,,,,,,,,g,,,,,active
black-charsadda-panjedar-chappal,,"<p>Charsadda Panjedar Chappal is a traditional handmade footwear style that originated from Charsadda, a historic city near Peshawar in Khyber Pakhtunkhwa, Pakistan. It's a proud symbol of Pashtun craftsmanship and is often  worn at weddings, Eid, and  cultural gatherings.</p>
<p>Material: Leather</p>",Melone,,Charsadda Panjedar Chappal,"Black, chappal",TRUE,Color,Black,Size,12,,,,500,,0,deny,manual,4500.00,,TRUE,FALSE,,,,,,,,,g,,,,,active
black-charsadda-panjedar-chappal,,"<p>Charsadda Panjedar Chappal is a traditional handmade footwear style that originated from Charsadda, a historic city near Peshawar in Khyber Pakhtunkhwa, Pakistan. It's a proud symbol of Pashtun craftsmanship and is often  worn at weddings, Eid, and  cultural gatherings.</p>
<p>Material: Leather</p>",Melone,,Charsadda Panjedar Chappal,"Black, chappal",TRUE,Color,Black,Size,13,,,,500,,0,deny,manual,4500.00,,TRUE,FALSE,,,,,,,,,g,,,,,active
black-charsadda-panjedar-chappal,,"<p>Charsadda Panjedar Chappal is a traditional handmade footwear style that originated from Charsadda, a historic city near Peshawar in Khyber Pakhtunkhwa, Pakistan. It's a proud symbol of Pashtun craftsmanship and is often  worn at weddings, Eid, and  cultural gatherings.</p>
<p>Material: Leather</p>",Melone,,Charsadda Panjedar Chappal,"Black, chappal",TRUE,Color,Black,Size,14,,,,500,,0,deny,manual,4500.00,,TRUE,FALSE,,,,,,,,,g,,,,,active
brown-charsadda-panjedar-chappal,Brown Leather Charsadda Panjedar Chappal,"<p>Charsadda Panjedar Chappal is a traditional handmade footwear style that originated from Charsadda, a historic city near Peshawar in Khyber Pakhtunkhwa, Pakistan. It's a proud symbol of Pashtun craftsmanship and is often  worn at weddings, Eid, and  cultural gatherings.</p>
<p>Material: Leather</p>",Melone,,Charsadda Panjedar Chappal,chappal,TRUE,Color,Brown,Size,6,,,,500,,0,deny,manual,4500.00,,TRUE,FALSE,,https://cdn.shopify.com/s/files/1/0942/4103/0444/files/Khairian._eb1f07cb-7421-4330-9a22-3086905a4670.jpg?v=1765644227,1,,,,,,g,,,,,active
brown-charsadda-panjedar-chappal,,,,,,,,,,,,,,,,,,,,,,,,,https://cdn.shopify.com/s/files/1/0942/4103/0444/files/Khairian.bb_c512bc51-7255-4405-9b6a-f0ee54afeb95.jpg?v=1765644227,2,,,,,,,,,,,
brown-charsadda-panjedar-chappal,,"<p>Charsadda Panjedar Chappal is a traditional handmade footwear style that originated from Charsadda, a historic city near Peshawar in Khyber Pakhtunkhwa, Pakistan. It's a proud symbol of Pashtun craftsmanship and is often  worn at weddings, Eid, and  cultural gatherings.</p>
<p>Material: Leather</p>",Melone,,Charsadda Panjedar Chappal,chappal,TRUE,Color,Brown,Size,7,,,,500,,0,deny,manual,4500.00,,TRUE,FALSE,,,,,,,,,g,,,,,active
brown-charsadda-panjedar-chappal,,"<p>Charsadda Panjedar Chappal is a traditional handmade footwear style that originated from Charsadda, a historic city near Peshawar in Khyber Pakhtunkhwa, Pakistan. It's a proud symbol of Pashtun craftsmanship and is often  worn at weddings, Eid, and  cultural gatherings.</p>
<p>Material: Leather</p>",Melone,,Charsadda Panjedar Chappal,chappal,TRUE,Color,Brown,Size,8,,,,500,,0,deny,manual,4500.00,,TRUE,FALSE,,,,,,,,,g,,,,,active
brown-charsadda-panjedar-chappal,,"<p>Charsadda Panjedar Chappal is a traditional handmade footwear style that originated from Charsadda, a historic city near Peshawar in Khyber Pakhtunkhwa, Pakistan. It's a proud symbol of Pashtun craftsmanship and is often  worn at weddings, Eid, and  cultural gatherings.</p>
<p>Material: Leather</p>",Melone,,Charsadda Panjedar Chappal,chappal,TRUE,Color,Brown,Size,9,,,,500,,0,deny,manual,4500.00,,TRUE,FALSE,,,,,,,,,g,,,,,active
brown-charsadda-panjedar-chappal,,"<p>Charsadda Panjedar Chappal is a traditional handmade footwear style that originated from Charsadda, a historic city near Peshawar in Khyber Pakhtunkhwa, Pakistan. It's a proud symbol of Pashtun craftsmanship and is often  worn at weddings, Eid, and  cultural gatherings.</p>
<p>Material: Leather</p>",Melone,,Charsadda Panjedar Chappal,chappal,TRUE,Color,Brown,Size,10,,,,500,,0,deny,manual,4500.00,,TRUE,FALSE,,,,,,,,,g,,,,,active
brown-charsadda-panjedar-chappal,,"<p>Charsadda Panjedar Chappal is a traditional handmade footwear style that originated from Charsadda, a historic city near Peshawar in Khyber Pakhtunkhwa, Pakistan. It's a proud symbol of Pashtun craftsmanship and is often  worn at weddings, Eid, and  cultural gatherings.</p>
<p>Material: Leather</p>",Melone,,Charsadda Panjedar Chappal,chappal,TRUE,Color,Brown,Size,11,,,,500,,0,deny,manual,4500.00,,TRUE,FALSE,,,,,,,,,g,,,,,active
brown-charsadda-panjedar-chappal,,"<p>Charsadda Panjedar Chappal is a traditional handmade footwear style that originated from Charsadda, a historic city near Peshawar in Khyber Pakhtunkhwa, Pakistan. It's a proud symbol of Pashtun craftsmanship and is often  worn at weddings, Eid, and  cultural gatherings.</p>
<p>Material: Leather</p>",Melone,,Charsadda Panjedar Chappal,chappal,TRUE,Color,Brown,Size,12,,,,500,,0,deny,manual,4500.00,,TRUE,FALSE,,,,,,,,,g,,,,,active
brown-charsadda-panjedar-chappal,,"<p>Charsadda Panjedar Chappal is a traditional handmade footwear style that originated from Charsadda, a historic city near Peshawar in Khyber Pakhtunkhwa, Pakistan. It's a proud symbol of Pashtun craftsmanship and is often  worn at weddings, Eid, and  cultural gatherings.</p>
<p>Material: Leather</p>",Melone,,Charsadda Panjedar Chappal,chappal,TRUE,Color,Brown,Size,13,,,,500,,0,deny,manual,4500.00,,TRUE,FALSE,,,,,,,,,g,,,,,active
brown-charsadda-panjedar-chappal,,"<p>Charsadda Panjedar Chappal is a traditional handmade footwear style that originated from Charsadda, a historic city near Peshawar in Khyber Pakhtunkhwa, Pakistan. It's a proud symbol of Pashtun craftsmanship and is often  worn at weddings, Eid, and  cultural gatherings.</p>
<p>Material: Leather</p>",Melone,,Charsadda Panjedar Chappal,chappal,TRUE,Color,Brown,Size,14,,,,500,,0,deny,manual,4500.00,,TRUE,FALSE,,,,,,,,,g,,,,,active
beige-charsadda-panjedar-chappal,Beige Suede Leather Charsadda Panjedar Chappal,"<p><meta charset=""utf-8""><span>Charsadda Panjedar Chappal is a traditional handmade footwear style that originated from Charsadda, a historic city near Peshawar in Khyber Pakhtunkhwa, Pakistan. It's a proud symbol of Pashtun craftsmanship and is often  worn at weddings, Eid, and  cultural gatherings.</span><span></span></p>
<p><span>Material: Suede Leather</span></p>",Melone,,Charsadda Panjedar Chappal,"beige, chappal",TRUE,Color,Beige,Size,6,,,,500,,0,deny,manual,4500.00,,TRUE,FALSE,,https://cdn.shopify.com/s/files/1/0942/4103/0444/files/Khairian.beige.jpg?v=1765644370,1,,,,,,g,,,,,active
beige-charsadda-panjedar-chappal,,,,,,,,,,,,,,,,,,,,,,,,,https://cdn.shopify.com/s/files/1/0942/4103/0444/files/Khairian.beig-ae.jpg?v=1765644370,2,,,,,,,,,,,
beige-charsadda-panjedar-chappal,,"<p><meta charset=""utf-8""><span>Charsadda Panjedar Chappal is a traditional handmade footwear style that originated from Charsadda, a historic city near Peshawar in Khyber Pakhtunkhwa, Pakistan. It's a proud symbol of Pashtun craftsmanship and is often  worn at weddings, Eid, and  cultural gatherings.</span><span></span></p>
<p><span>Material: Suede Leather</span></p>",Melone,,Charsadda Panjedar Chappal,"beige, chappal",TRUE,Color,Beige,Size,7,,,,500,,0,deny,manual,4500.00,,TRUE,FALSE,,,,,,,,,g,,,,,active
beige-charsadda-panjedar-chappal,,"<p><meta charset=""utf-8""><span>Charsadda Panjedar Chappal is a traditional handmade footwear style that originated from Charsadda, a historic city near Peshawar in Khyber Pakhtunkhwa, Pakistan. It's a proud symbol of Pashtun craftsmanship and is often  worn at weddings, Eid, and  cultural gatherings.</span><span></span></p>
<p><span>Material: Suede Leather</span></p>",Melone,,Charsadda Panjedar Chappal,"beige, chappal",TRUE,Color,Beige,Size,8,,,,500,,0,deny,manual,4500.00,,TRUE,FALSE,,,,,,,,,g,,,,,active
beige-charsadda-panjedar-chappal,,"<p><meta charset=""utf-8""><span>Charsadda Panjedar Chappal is a traditional handmade footwear style that originated from Charsadda, a historic city near Peshawar in Khyber Pakhtunkhwa, Pakistan. It's a proud symbol of Pashtun craftsmanship and is often  worn at weddings, Eid, and  cultural gatherings.</span><span></span></p>
<p><span>Material: Suede Leather</span></p>",Melone,,Charsadda Panjedar Chappal,"beige, chappal",TRUE,Color,Beige,Size,9,,,,500,,0,deny,manual,4500.00,,TRUE,FALSE,,,,,,,,,g,,,,,active
beige-charsadda-panjedar-chappal,,"<p><meta charset=""utf-8""><span>Charsadda Panjedar Chappal is a traditional handmade footwear style that originated from Charsadda, a historic city near Peshawar in Khyber Pakhtunkhwa, Pakistan. It's a proud symbol of Pashtun craftsmanship and is often  worn at weddings, Eid, and  cultural gatherings.</span><span></span></p>
<p><span>Material: Suede Leather</span></p>",Melone,,Charsadda Panjedar Chappal,"beige, chappal",TRUE,Color,Beige,Size,10,,,,500,,0,deny,manual,4500.00,,TRUE,FALSE,,,,,,,,,g,,,,,active
beige-charsadda-panjedar-chappal,,"<p><meta charset=""utf-8""><span>Charsadda Panjedar Chappal is a traditional handmade footwear style that originated from Charsadda, a historic city near Peshawar in Khyber Pakhtunkhwa, Pakistan. It's a proud symbol of Pashtun craftsmanship and is often  worn at weddings, Eid, and  cultural gatherings.</span><span></span></p>
<p><span>Material: Suede Leather</span></p>",Melone,,Charsadda Panjedar Chappal,"beige, chappal",TRUE,Color,Beige,Size,11,,,,500,,0,deny,manual,4500.00,,TRUE,FALSE,,,,,,,,,g,,,,,active
beige-charsadda-panjedar-chappal,,"<p><meta charset=""utf-8""><span>Charsadda Panjedar Chappal is a traditional handmade footwear style that originated from Charsadda, a historic city near Peshawar in Khyber Pakhtunkhwa, Pakistan. It's a proud symbol of Pashtun craftsmanship and is often  worn at weddings, Eid, and  cultural gatherings.</span><span></span></p>
<p><span>Material: Suede Leather</span></p>",Melone,,Charsadda Panjedar Chappal,"beige, chappal",TRUE,Color,Beige,Size,12,,,,500,,0,deny,manual,4500.00,,TRUE,FALSE,,,,,,,,,g,,,,,active
beige-charsadda-panjedar-chappal,,"<p><meta charset=""utf-8""><span>Charsadda Panjedar Chappal is a traditional handmade footwear style that originated from Charsadda, a historic city near Peshawar in Khyber Pakhtunkhwa, Pakistan. It's a proud symbol of Pashtun craftsmanship and is often  worn at weddings, Eid, and  cultural gatherings.</span><span></span></p>
<p><span>Material: Suede Leather</span></p>",Melone,,Charsadda Panjedar Chappal,"beige, chappal",TRUE,Color,Beige,Size,13,,,,500,,0,deny,manual,4500.00,,TRUE,FALSE,,,,,,,,,g,,,,,active
beige-charsadda-panjedar-chappal,,"<p><meta charset=""utf-8""><span>Charsadda Panjedar Chappal is a traditional handmade footwear style that originated from Charsadda, a historic city near Peshawar in Khyber Pakhtunkhwa, Pakistan. It's a proud symbol of Pashtun craftsmanship and is often  worn at weddings, Eid, and  cultural gatherings.</span><span></span></p>
<p><span>Material: Suede Leather</span></p>",Melone,,Charsadda Panjedar Chappal,"beige, chappal",TRUE,Color,Beige,Size,14,,,,500,,0,deny,manual,4500.00,,TRUE,FALSE,,,,,,,,,g,,,,,active
blue-shalwar-kameez,Blue Shalwar Kameez,"<div>Italian Wash &amp; Wear – Now in Our Shalwar Kameez!</div>
<div><span> • Strong &amp; Durable Yarn: Long-lasting &amp; high-quality </span></div>
<div><span> • Rich, Fade-Resistant Colors: Vibrant even after multiple washes</span></div>
<div><span> • Soft &amp; Lightweight: Comfortable for all seasons</span></div>
<div><span> • Effortless Style: Perfect for any occasion</span></div>
<div><br></div>
<div>Experience comfort, style, and luxury in every stitch.</div>",Melone,,Shalwar Kameez,"Blue, Shalwar Kameez",TRUE,Color,Blue,Size,S,,,,500,,0,deny,manual,15000.00,,TRUE,FALSE,,https://cdn.shopify.com/s/files/1/0942/4103/0444/files/Blue-3.jpg?v=1771928341,1,,,,,,g,,,,,active
blue-shalwar-kameez,,,,,,,,,,,,,,,,,,,,,,,,,https://cdn.shopify.com/s/files/1/0942/4103/0444/files/Blue-2.jpg?v=1771928341,2,,,,,,,,,,,
blue-shalwar-kameez,,,,,,,,,,,,,,,,,,,,,,,,,https://cdn.shopify.com/s/files/1/0942/4103/0444/files/Blue-1.jpg?v=1771928341,3,,,,,,,,,,,
blue-shalwar-kameez,,,,,,,,,,,,,,,,,,,,,,,,,https://cdn.shopify.com/s/files/1/0942/4103/0444/files/WhatsAppImage2026-02-11at1.27.20PM_bb9bd9e4-5f6e-4146-b6ef-077f0017e580.jpg?v=1771928323,4,,,,,,,,,,,
blue-shalwar-kameez,,"<div>Italian Wash &amp; Wear – Now in Our Shalwar Kameez!</div>
<div><span> • Strong &amp; Durable Yarn: Long-lasting &amp; high-quality </span></div>
<div><span> • Rich, Fade-Resistant Colors: Vibrant even after multiple washes</span></div>
<div><span> • Soft &amp; Lightweight: Comfortable for all seasons</span></div>
<div><span> • Effortless Style: Perfect for any occasion</span></div>
<div><br></div>
<div>Experience comfort, style, and luxury in every stitch.</div>",Melone,,Shalwar Kameez,"Blue, Shalwar Kameez",TRUE,Color,Blue,Size,M,,,,500,,0,deny,manual,15000.00,,TRUE,FALSE,,,,,,,,,g,,,,,active
blue-shalwar-kameez,,"<div>Italian Wash &amp; Wear – Now in Our Shalwar Kameez!</div>
<div><span> • Strong &amp; Durable Yarn: Long-lasting &amp; high-quality </span></div>
<div><span> • Rich, Fade-Resistant Colors: Vibrant even after multiple washes</span></div>
<div><span> • Soft &amp; Lightweight: Comfortable for all seasons</span></div>
<div><span> • Effortless Style: Perfect for any occasion</span></div>
<div><br></div>
<div>Experience comfort, style, and luxury in every stitch.</div>",Melone,,Shalwar Kameez,"Blue, Shalwar Kameez",TRUE,Color,Blue,Size,L,,,,500,,0,deny,manual,15000.00,,TRUE,FALSE,,,,,,,,,g,,,,,active
blue-shalwar-kameez,,"<div>Italian Wash &amp; Wear – Now in Our Shalwar Kameez!</div>
<div><span> • Strong &amp; Durable Yarn: Long-lasting &amp; high-quality </span></div>
<div><span> • Rich, Fade-Resistant Colors: Vibrant even after multiple washes</span></div>
<div><span> • Soft &amp; Lightweight: Comfortable for all seasons</span></div>
<div><span> • Effortless Style: Perfect for any occasion</span></div>
<div><br></div>
<div>Experience comfort, style, and luxury in every stitch.</div>",Melone,,Shalwar Kameez,"Blue, Shalwar Kameez",TRUE,Color,Blue,Size,XL,,,,500,,0,deny,manual,15000.00,,TRUE,FALSE,,,,,,,,,g,,,,,active
black-shalwar-kameez,Black Shalwar Kameez,"<div>
<meta charset=""utf-8"">Tailored from <strong>Italian Wash &amp; Wear</strong> – Now in Our Shalwar Kameez!</div>
<div><span> • Strong &amp; Durable Yarn: Long-lasting &amp; high-quality </span></div>
<div><span> • Rich, Fade-Resistant Colors: Vibrant even after multiple washes </span></div>
<div><span> • Soft &amp; Lightweight: Comfortable for all seasons </span></div>
<div><span> • Effortless Style: Perfect for any occasion </span></div>
<div><br></div>
<div>Experience comfort, style, and luxury in every stitch.</div>",Melone,,Shalwar Kameez,"Black, Shalwar Kameez",TRUE,Color,Black,Size,S,,,,500,,0,deny,manual,15000.00,,TRUE,FALSE,,https://cdn.shopify.com/s/files/1/0942/4103/0444/files/Black-3_6f5b64f0-02fb-4e9b-8a29-1c649f97700f.jpg?v=1787144766,1,,,,,,g,,,,,active
black-shalwar-kameez,,,,,,,,,,,,,,,,,,,,,,,,,https://cdn.shopify.com/s/files/1/0942/4103/0444/files/Black-1.jpg?v=1771929697,2,,,,,,,,,,,
black-shalwar-kameez,,,,,,,,,,,,,,,,,,,,,,,,,https://cdn.shopify.com/s/files/1/0942/4103/0444/files/Black-2.jpg?v=1771929697,3,,,,,,,,,,,
black-shalwar-kameez,,,,,,,,,,,,,,,,,,,,,,,,,https://cdn.shopify.com/s/files/1/0942/4103/0444/files/5e0c6ee2-2e0e-4266-b961-00729c37a6e8_cb61b5bb-8444-43c4-8239-6cc7c459fa6a.jpg?v=1789210376,4,,,,,,,,,,,
black-shalwar-kameez,,"<div>
<meta charset=""utf-8"">Tailored from <strong>Italian Wash &amp; Wear</strong> – Now in Our Shalwar Kameez!</div>
<div><span> • Strong &amp; Durable Yarn: Long-lasting &amp; high-quality </span></div>
<div><span> • Rich, Fade-Resistant Colors: Vibrant even after multiple washes </span></div>
<div><span> • Soft &amp; Lightweight: Comfortable for all seasons </span></div>
<div><span> • Effortless Style: Perfect for any occasion </span></div>
<div><br></div>
<div>Experience comfort, style, and luxury in every stitch.</div>",Melone,,Shalwar Kameez,"Black, Shalwar Kameez",TRUE,Color,Black,Size,M,,,,500,,0,deny,manual,15000.00,,TRUE,FALSE,,,,,,,,,g,,,,,active
black-shalwar-kameez,,"<div>
<meta charset=""utf-8"">Tailored from <strong>Italian Wash &amp; Wear</strong> – Now in Our Shalwar Kameez!</div>
<div><span> • Strong &amp; Durable Yarn: Long-lasting &amp; high-quality </span></div>
<div><span> • Rich, Fade-Resistant Colors: Vibrant even after multiple washes </span></div>
<div><span> • Soft &amp; Lightweight: Comfortable for all seasons </span></div>
<div><span> • Effortless Style: Perfect for any occasion </span></div>
<div><br></div>
<div>Experience comfort, style, and luxury in every stitch.</div>",Melone,,Shalwar Kameez,"Black, Shalwar Kameez",TRUE,Color,Black,Size,L,,,,500,,0,deny,manual,15000.00,,TRUE,FALSE,,,,,,,,,g,,,,,active
black-shalwar-kameez,,"<div>
<meta charset=""utf-8"">Tailored from <strong>Italian Wash &amp; Wear</strong> – Now in Our Shalwar Kameez!</div>
<div><span> • Strong &amp; Durable Yarn: Long-lasting &amp; high-quality </span></div>
<div><span> • Rich, Fade-Resistant Colors: Vibrant even after multiple washes </span></div>
<div><span> • Soft &amp; Lightweight: Comfortable for all seasons </span></div>
<div><span> • Effortless Style: Perfect for any occasion </span></div>
<div><br></div>
<div>Experience comfort, style, and luxury in every stitch.</div>",Melone,,Shalwar Kameez,"Black, Shalwar Kameez",TRUE,Color,Black,Size,XL,,,,500,,0,deny,manual,15000.00,,TRUE,FALSE,,,,,,,,,g,,,,,active
off-white-shalwar-kameez,White Shalwar Kameez,"<div>Tailored from <strong>Italian Wash &amp; Wear</strong> – Now in Our Shalwar Kameez!</div>
<div><span> • Strong &amp; Durable Yarn: Long-lasting &amp; high-quality </span></div>
<div><span> • Rich, Fade-Resistant Colors: Vibrant even after multiple washes </span></div>
<div><span> • Soft &amp; Lightweight: Comfortable for all seasons </span></div>
<div><span> • Effortless Style: Perfect for any occasion </span></div>
<div><br></div>
<div>Experience comfort, style, and luxury in every stitch.</div>",Melone,,Shalwar Kameez,"Off White, Shalwar Kameez",TRUE,Color,Off White,Size,S,,,,500,,0,deny,manual,15000.00,,TRUE,FALSE,,https://cdn.shopify.com/s/files/1/0942/4103/0444/files/whiite-3.jpg?v=1771927920,1,,,,,,g,,,,,active
off-white-shalwar-kameez,,,,,,,,,,,,,,,,,,,,,,,,,https://cdn.shopify.com/s/files/1/0942/4103/0444/files/whiite-2.jpg?v=1771927920,2,,,,,,,,,,,
off-white-shalwar-kameez,,,,,,,,,,,,,,,,,,,,,,,,,https://cdn.shopify.com/s/files/1/0942/4103/0444/files/whiite-1.jpg?v=1771927920,3,,,,,,,,,,,
off-white-shalwar-kameez,,,,,,,,,,,,,,,,,,,,,,,,,https://cdn.shopify.com/s/files/1/0942/4103/0444/files/5e0c6ee2-2e0e-4266-b961-00729c37a6e8_72d650f8-627b-4568-8e39-904234cd9d2f.jpg?v=1789210336,4,,,,,,,,,,,
off-white-shalwar-kameez,,"<div>Tailored from <strong>Italian Wash &amp; Wear</strong> – Now in Our Shalwar Kameez!</div>
<div><span> • Strong &amp; Durable Yarn: Long-lasting &amp; high-quality </span></div>
<div><span> • Rich, Fade-Resistant Colors: Vibrant even after multiple washes </span></div>
<div><span> • Soft &amp; Lightweight: Comfortable for all seasons </span></div>
<div><span> • Effortless Style: Perfect for any occasion </span></div>
<div><br></div>
<div>Experience comfort, style, and luxury in every stitch.</div>",Melone,,Shalwar Kameez,"Off White, Shalwar Kameez",TRUE,Color,Off White,Size,M,,,,500,,0,deny,manual,15000.00,,TRUE,FALSE,,,,,,,,,g,,,,,active
off-white-shalwar-kameez,,"<div>Tailored from <strong>Italian Wash &amp; Wear</strong> – Now in Our Shalwar Kameez!</div>
<div><span> • Strong &amp; Durable Yarn: Long-lasting &amp; high-quality </span></div>
<div><span> • Rich, Fade-Resistant Colors: Vibrant even after multiple washes </span></div>
<div><span> • Soft &amp; Lightweight: Comfortable for all seasons </span></div>
<div><span> • Effortless Style: Perfect for any occasion </span></div>
<div><br></div>
<div>Experience comfort, style, and luxury in every stitch.</div>",Melone,,Shalwar Kameez,"Off White, Shalwar Kameez",TRUE,Color,Off White,Size,L,,,,500,,0,deny,manual,15000.00,,TRUE,FALSE,,,,,,,,,g,,,,,active
off-white-shalwar-kameez,,"<div>Tailored from <strong>Italian Wash &amp; Wear</strong> – Now in Our Shalwar Kameez!</div>
<div><span> • Strong &amp; Durable Yarn: Long-lasting &amp; high-quality </span></div>
<div><span> • Rich, Fade-Resistant Colors: Vibrant even after multiple washes </span></div>
<div><span> • Soft &amp; Lightweight: Comfortable for all seasons </span></div>
<div><span> • Effortless Style: Perfect for any occasion </span></div>
<div><br></div>
<div>Experience comfort, style, and luxury in every stitch.</div>",Melone,,Shalwar Kameez,"Off White, Shalwar Kameez",TRUE,Color,Off White,Size,XL,,,,500,,0,deny,manual,15000.00,,TRUE,FALSE,,,,,,,,,g,,,,,active
brown-shalwar-kameez,Brown Shalwar Kameez,"<div>Tailored from <strong>Italian Wash &amp; Wear</strong> – Now in Our Shalwar Kameez!</div>
<div><span> • Strong &amp; Durable Yarn: Long-lasting &amp; high-quality </span></div>
<div><span> • Rich, Fade-Resistant Colors: Vibrant even after multiple washes </span></div>
<div><span> • Soft &amp; Lightweight: Comfortable for all seasons </span></div>
<div><span> • Effortless Style: Perfect for any occasion </span></div>
<div><br></div>
<div>Experience comfort, style, and luxury in every stitch.</div>",Melone,,Shalwar Kameez,"Brown, Shalwar Kameez",TRUE,Color,Brown,Size,S,,,,500,,0,deny,manual,15000.00,,TRUE,FALSE,,https://cdn.shopify.com/s/files/1/0942/4103/0444/files/Brown-1.jpg?v=1771928655,1,,,,,,g,,,,,active
brown-shalwar-kameez,,,,,,,,,,,,,,,,,,,,,,,,,https://cdn.shopify.com/s/files/1/0942/4103/0444/files/Brown-2_2825daa2-3304-46f5-bb14-a08707053f75.jpg?v=1771928655,2,,,,,,,,,,,
brown-shalwar-kameez,,,,,,,,,,,,,,,,,,,,,,,,,https://cdn.shopify.com/s/files/1/0942/4103/0444/files/Brown-3_7dfa71d2-857e-455a-be20-3a9c1e44a787.jpg?v=1771928655,3,,,,,,,,,,,
brown-shalwar-kameez,,,,,,,,,,,,,,,,,,,,,,,,,https://cdn.shopify.com/s/files/1/0942/4103/0444/files/WhatsAppImage2026-02-11at1.27.20PM_c619edcb-2e4b-4052-bc69-ed6d32569fe6.jpg?v=1771928655,4,,,,,,,,,,,
brown-shalwar-kameez,,"<div>Tailored from <strong>Italian Wash &amp; Wear</strong> – Now in Our Shalwar Kameez!</div>
<div><span> • Strong &amp; Durable Yarn: Long-lasting &amp; high-quality </span></div>
<div><span> • Rich, Fade-Resistant Colors: Vibrant even after multiple washes </span></div>
<div><span> • Soft &amp; Lightweight: Comfortable for all seasons </span></div>
<div><span> • Effortless Style: Perfect for any occasion </span></div>
<div><br></div>
<div>Experience comfort, style, and luxury in every stitch.</div>",Melone,,Shalwar Kameez,"Brown, Shalwar Kameez",TRUE,Color,Brown,Size,M,,,,500,,0,deny,manual,15000.00,,TRUE,FALSE,,,,,,,,,g,,,,,active
brown-shalwar-kameez,,"<div>Tailored from <strong>Italian Wash &amp; Wear</strong> – Now in Our Shalwar Kameez!</div>
<div><span> • Strong &amp; Durable Yarn: Long-lasting &amp; high-quality </span></div>
<div><span> • Rich, Fade-Resistant Colors: Vibrant even after multiple washes </span></div>
<div><span> • Soft &amp; Lightweight: Comfortable for all seasons </span></div>
<div><span> • Effortless Style: Perfect for any occasion </span></div>
<div><br></div>
<div>Experience comfort, style, and luxury in every stitch.</div>",Melone,,Shalwar Kameez,"Brown, Shalwar Kameez",TRUE,Color,Brown,Size,L,,,,500,,0,deny,manual,15000.00,,TRUE,FALSE,,,,,,,,,g,,,,,active
brown-shalwar-kameez,,"<div>Tailored from <strong>Italian Wash &amp; Wear</strong> – Now in Our Shalwar Kameez!</div>
<div><span> • Strong &amp; Durable Yarn: Long-lasting &amp; high-quality </span></div>
<div><span> • Rich, Fade-Resistant Colors: Vibrant even after multiple washes </span></div>
<div><span> • Soft &amp; Lightweight: Comfortable for all seasons </span></div>
<div><span> • Effortless Style: Perfect for any occasion </span></div>
<div><br></div>
<div>Experience comfort, style, and luxury in every stitch.</div>",Melone,,Shalwar Kameez,"Brown, Shalwar Kameez",TRUE,Color,Brown,Size,XL,,,,500,,0,deny,manual,15000.00,,TRUE,FALSE,,,,,,,,,g,,,,,active
tripod-selfie-stick-white,Tripod Selfie Stick White,"<p>Phone Selfie Stick Tripod,Smartphone Tripod Stand All-in-1 with Integrated Wireless Remote,Portable,Lightweight,Extendable Phone Tripod for iPhone/Android(White)</p>
<h3>Features:<meta charset=""utf-8"">
</h3>
<p><span class=""a-list-item"">All in 1 Travel Tripod: The phone holder is a perfect combination of a selfie stick and a tripod. It has a fully telescopic handle and built-in foldable legs. When press the button at the bottom of the phone tripod, the three legs will open and can be used as a stand tripod. After adjusting the height of the telescopic pole, it can double as a desktop tripod. The multi-function tripod for phone is very suitable for taking pictures,Face time etc</span></p>
<p><span class=""a-list-item"">67"" Telescopic Pole: The telescopic Pole is made of aluminum alloy,so the phone tripod stand is not only lightweight but also corrosion-resistant, sturdy. The adjustable height of the cell phone tripod is 11.4~67 inches (completely folded 11.4 inches, adjusted in 10 stections), allowing you to shoot various heights that other phone tripod mount cannot shoot, capturing a wider field of view, and satisfying your needs in different occasions</span></p>
<p><span class=""a-list-item"">Reinforced Tripod Base: Very easy to use, just press the button on the bottom to unlock three legs of the tripod for iphone. The base of the newly upgraded cellphone tripod adopts a reinforced design with a silicone non-slip foot pad, which is more stable after unfolding and is not easy to shake. Note: In the tripod mode, the phone must be placed in the center of the sliding track, which is consistent with the center of gravity of the tripod to avoid tipping</span></p>
<p><span class=""a-list-item"">Chargeable Remote Shutter: The tripod for phone has a built-in rechargeable wireless remote control,supports shooting within 10m,is compatible with iphone/Android,quickly realizes pairing, and the operation is very simple.When the remote control is not in use,it can be put into the special remote control slot on the handle of the selfie stick for iphone to prevent it from being lost.The mount range of the tripod phone holder is about 2.28-3.46inch in size, which is suitable for 4-7'' phones</span></p>
<p><span class=""a-list-item"">Portable &amp; Rotation: Having a compact design and can be carried around without taking up space. The phone tripod with remote can rotate the phone screen horizontally and vertically , and the angle can be easily adjusted. Aluminum alloy phone clip can support up and down 180 ° rotation to go overhead shooting, and left and right rotation to adjust the angle.In the selfie stick with remote mode, you can also slide the phone mount left and right, which is very flexible and convenient.</span></p>",House of Melone,,,"gadget, White",TRUE,Title,Default Title,,,,,Tripod Selfie Stick Black,1000,,0,deny,manual,10000.00,,TRUE,FALSE,,https://cdn.shopify.com/s/files/1/0942/4103/0444/files/wb-fb1-1.jpg?v=1775570778,1,,,,,,g,,,,,active
tripod-selfie-stick-white,,,,,,,,,,,,,,,,,,,,,,,,,https://cdn.shopify.com/s/files/1/0942/4103/0444/files/wb-fbh-1_22e76197-6f0d-46e7-b432-562fc8748bc0.jpg?v=1775570778,2,,,,,,,,,,,
tripod-selfie-stick-white,,,,,,,,,,,,,,,,,,,,,,,,,https://cdn.shopify.com/s/files/1/0942/4103/0444/files/wb-fb-hah-1.jpg?v=1775570778,3,,,,,,,,,,,
tripod-selfie-stick-white,,,,,,,,,,,,,,,,,,,,,,,,,https://cdn.shopify.com/s/files/1/0942/4103/0444/files/wb-fb-h-1.jpg?v=1775570778,4,,,,,,,,,,,
blue-pants,Blue Pants,"<p>Relaxed fit trousers made from a flowing Italian fabric. High waistband with front pleats. Front pockets and rear patch pockets. Front zip fly and top button fastening.</p>
<p> </p>
<p><meta charset=""utf-8"">Experience comfort, style, and luxury in every stitch.</p>",Melone,,Pants,"Blue, new in, Pants",TRUE,Color,Blue,Size,S,,,,500,,0,deny,manual,7000.00,,TRUE,FALSE,,https://cdn.shopify.com/s/files/1/0942/4103/0444/files/web-blue-hh.jpg?v=1775849575,1,,,,,,g,,,,,active
blue-pants,,,,,,,,,,,,,,,,,,,,,,,,,https://cdn.shopify.com/s/files/1/0942/4103/0444/files/web-blue.jpg?v=1775849575,2,,,,,,,,,,,
blue-pants,,,,,,,,,,,,,,,,,,,,,,,,,https://cdn.shopify.com/s/files/1/0942/4103/0444/files/web-blue-h.jpg?v=1775849575,3,,,,,,,,,,,
blue-pants,,"<p>Relaxed fit trousers made from a flowing Italian fabric. High waistband with front pleats. Front pockets and rear patch pockets. Front zip fly and top button fastening.</p>
<p> </p>
<p><meta charset=""utf-8"">Experience comfort, style, and luxury in every stitch.</p>",Melone,,Pants,"Blue, new in, Pants",TRUE,Color,Blue,Size,M,,,,500,,0,deny,manual,7000.00,,TRUE,FALSE,,,,,,,,,g,,,,,active
blue-pants,,"<p>Relaxed fit trousers made from a flowing Italian fabric. High waistband with front pleats. Front pockets and rear patch pockets. Front zip fly and top button fastening.</p>
<p> </p>
<p><meta charset=""utf-8"">Experience comfort, style, and luxury in every stitch.</p>",Melone,,Pants,"Blue, new in, Pants",TRUE,Color,Blue,Size,L,,,,500,,0,deny,manual,7000.00,,TRUE,FALSE,,,,,,,,,g,,,,,active
brown-pants,Brown Pants,"<p>Relaxed fit trousers made from a flowing Italian fabric. High waistband with front pleats. Front pockets and rear patch pockets. Front zip fly and top button fastening.</p>
<p> </p>
<p><meta charset=""utf-8"">Experience comfort, style, and luxury in every stitch.</p>",Melone,,Pants,"Brown, new in, Pants",TRUE,Color,Brown,Size,S,,,,500,,0,deny,manual,7000.00,,TRUE,FALSE,,https://cdn.shopify.com/s/files/1/0942/4103/0444/files/brown-1_f3be917b-fc71-4dd4-aa07-8e3208c62bb9.jpg?v=1775850328,1,,,,,,g,,,,,active
brown-pants,,,,,,,,,,,,,,,,,,,,,,,,,https://cdn.shopify.com/s/files/1/0942/4103/0444/files/brown-3-h.jpg?v=1775850328,2,,,,,,,,,,,
brown-pants,,"<p>Relaxed fit trousers made from a flowing Italian fabric. High waistband with front pleats. Front pockets and rear patch pockets. Front zip fly and top button fastening.</p>
<p> </p>
<p><meta charset=""utf-8"">Experience comfort, style, and luxury in every stitch.</p>",Melone,,Pants,"Brown, new in, Pants",TRUE,Color,Brown,Size,M,,,,500,,0,deny,manual,7000.00,,TRUE,FALSE,,,,,,,,,g,,,,,active
brown-pants,,"<p>Relaxed fit trousers made from a flowing Italian fabric. High waistband with front pleats. Front pockets and rear patch pockets. Front zip fly and top button fastening.</p>
<p> </p>
<p><meta charset=""utf-8"">Experience comfort, style, and luxury in every stitch.</p>",Melone,,Pants,"Brown, new in, Pants",TRUE,Color,Brown,Size,L,,,,500,,0,deny,manual,7000.00,,TRUE,FALSE,,,,,,,,,g,,,,,active
black-pants,Black Pants,"<p>Relaxed fit trousers made from a flowing Italian fabric. High waistband with front pleats. Front pockets and rear patch pockets. Front zip fly and top button fastening.</p>
<p> </p>
<p><meta charset=""utf-8"">Experience comfort, style, and luxury in every stitch.</p>",Melone,,Pants,"Black, new in, Pants",TRUE,Color,Black,Size,S,,,,500,,0,deny,manual,7000.00,,TRUE,FALSE,,https://cdn.shopify.com/s/files/1/0942/4103/0444/files/black-pj.jpg?v=1775833593,1,,,,,,g,,,,,active
black-pants,,,,,,,,,,,,,,,,,,,,,,,,,https://cdn.shopify.com/s/files/1/0942/4103/0444/files/black-p.jpg?v=1775833593,2,,,,,,,,,,,
black-pants,,"<p>Relaxed fit trousers made from a flowing Italian fabric. High waistband with front pleats. Front pockets and rear patch pockets. Front zip fly and top button fastening.</p>
<p> </p>
<p><meta charset=""utf-8"">Experience comfort, style, and luxury in every stitch.</p>",Melone,,Pants,"Black, new in, Pants",TRUE,Color,Black,Size,M,,,,500,,0,deny,manual,7000.00,,TRUE,FALSE,,,,,,,,,g,,,,,active
black-pants,,"<p>Relaxed fit trousers made from a flowing Italian fabric. High waistband with front pleats. Front pockets and rear patch pockets. Front zip fly and top button fastening.</p>
<p> </p>
<p><meta charset=""utf-8"">Experience comfort, style, and luxury in every stitch.</p>",Melone,,Pants,"Black, new in, Pants",TRUE,Color,Black,Size,L,,,,500,,0,deny,manual,7000.00,,TRUE,FALSE,,,,,,,,,g,,,,,active
blue-stripe-pants,Blue Stripe Pants,"<div class=""product-detail-description product-detail-info__description"">
<div class=""expandable-text"">
<div class=""expandable-text__content"">
<div class=""expandable-text__inner-content"">
<p>Relaxed fit trousers made from a flowing Italian fabric. High waistband with front pleats. Front pockets and rear patch pockets. Front zip fly and top button fastening.</p>
<p> </p>
<p><meta charset=""utf-8"">Experience comfort, style, and luxury in every stitch.<meta charset=""utf-8""></p>
<div class=""product-detail-description product-detail-info__description"">
<div class=""expandable-text"">
<div class=""expandable-text__content"">
<div class=""expandable-text__inner-content""></div>
</div>
</div>
</div>
</div>
</div>
</div>
</div>",Melone,,Pants,"Blue, new in, Pants",TRUE,Color,Blue Stripe,Size,S,,,,500,,0,deny,manual,7000.00,,TRUE,FALSE,,https://cdn.shopify.com/s/files/1/0942/4103/0444/files/webkk.jpg?v=1775825804,1,,,,,,g,,,,,active
blue-stripe-pants,,,,,,,,,,,,,,,,,,,,,,,,,https://cdn.shopify.com/s/files/1/0942/4103/0444/files/webk.-k.jpg?v=1775825804,2,,,,,,,,,,,
blue-stripe-pants,,,,,,,,,,,,,,,,,,,,,,,,,https://cdn.shopify.com/s/files/1/0942/4103/0444/files/WhatsAppImage2026-06-10at3.04.10PM.jpg?v=1781089735,3,,,,,,,,,,,
blue-stripe-pants,,"<div class=""product-detail-description product-detail-info__description"">
<div class=""expandable-text"">
<div class=""expandable-text__content"">
<div class=""expandable-text__inner-content"">
<p>Relaxed fit trousers made from a flowing Italian fabric. High waistband with front pleats. Front pockets and rear patch pockets. Front zip fly and top button fastening.</p>
<p> </p>
<p><meta charset=""utf-8"">Experience comfort, style, and luxury in every stitch.<meta charset=""utf-8""></p>
<div class=""product-detail-description product-detail-info__description"">
<div class=""expandable-text"">
<div class=""expandable-text__content"">
<div class=""expandable-text__inner-content""></div>
</div>
</div>
</div>
</div>
</div>
</div>
</div>",Melone,,Pants,"Blue, new in, Pants",TRUE,Color,Blue Stripe,Size,M,,,,500,,0,deny,manual,7000.00,,TRUE,FALSE,,,,,,,,,g,,,,,active
blue-stripe-pants,,"<div class=""product-detail-description product-detail-info__description"">
<div class=""expandable-text"">
<div class=""expandable-text__content"">
<div class=""expandable-text__inner-content"">
<p>Relaxed fit trousers made from a flowing Italian fabric. High waistband with front pleats. Front pockets and rear patch pockets. Front zip fly and top button fastening.</p>
<p> </p>
<p><meta charset=""utf-8"">Experience comfort, style, and luxury in every stitch.<meta charset=""utf-8""></p>
<div class=""product-detail-description product-detail-info__description"">
<div class=""expandable-text"">
<div class=""expandable-text__content"">
<div class=""expandable-text__inner-content""></div>
</div>
</div>
</div>
</div>
</div>
</div>
</div>",Melone,,Pants,"Blue, new in, Pants",TRUE,Color,Blue Stripe,Size,L,,,,500,,0,deny,manual,7000.00,,TRUE,FALSE,,,,,,,,,g,,,,,active
charcoal-grey-shalwar-kameez,Charcoal Grey Shalwar Kameez,"<div>Tailored from <strong>Italian Wash &amp; Wear</strong> – Now in Our Shalwar Kameez!</div>
<div><span> • Strong &amp; Durable Yarn: Long-lasting &amp; high-quality </span></div>
<div><span> • Rich, Fade-Resistant Colors: Vibrant even after multiple washes </span></div>
<div><span> • Soft &amp; Lightweight: Comfortable for all seasons </span></div>
<div><span> • Effortless Style: Perfect for any occasion </span></div>
<div><br></div>
<div>Experience comfort, style, and luxury in every stitch.</div>",Melone,,Shalwar Kameez,"charcoal grey, Shalwar Kameez",TRUE,Color,Charcoal Grey,Size,S,,,,500,,0,deny,manual,15000.00,,TRUE,FALSE,,https://cdn.shopify.com/s/files/1/0942/4103/0444/files/ChatGPTImageAug5_2026_12_49_50PM.png?v=1785922032,1,,,,,,g,,,,,active
charcoal-grey-shalwar-kameez,,,,,,,,,,,,,,,,,,,,,,,,,https://cdn.shopify.com/s/files/1/0942/4103/0444/files/5e0c6ee2-2e0e-4266-b961-00729c37a6e8_882e1ca8-7ced-47c1-ba80-1b79fbcda9af.jpg?v=1789210297,2,,,,,,,,,,,
charcoal-grey-shalwar-kameez,,"<div>Tailored from <strong>Italian Wash &amp; Wear</strong> – Now in Our Shalwar Kameez!</div>
<div><span> • Strong &amp; Durable Yarn: Long-lasting &amp; high-quality </span></div>
<div><span> • Rich, Fade-Resistant Colors: Vibrant even after multiple washes </span></div>
<div><span> • Soft &amp; Lightweight: Comfortable for all seasons </span></div>
<div><span> • Effortless Style: Perfect for any occasion </span></div>
<div><br></div>
<div>Experience comfort, style, and luxury in every stitch.</div>",Melone,,Shalwar Kameez,"charcoal grey, Shalwar Kameez",TRUE,Color,Charcoal Grey,Size,M,,,,500,,0,deny,manual,15000.00,,TRUE,FALSE,,,,,,,,,g,,,,,active
charcoal-grey-shalwar-kameez,,"<div>Tailored from <strong>Italian Wash &amp; Wear</strong> – Now in Our Shalwar Kameez!</div>
<div><span> • Strong &amp; Durable Yarn: Long-lasting &amp; high-quality </span></div>
<div><span> • Rich, Fade-Resistant Colors: Vibrant even after multiple washes </span></div>
<div><span> • Soft &amp; Lightweight: Comfortable for all seasons </span></div>
<div><span> • Effortless Style: Perfect for any occasion </span></div>
<div><br></div>
<div>Experience comfort, style, and luxury in every stitch.</div>",Melone,,Shalwar Kameez,"charcoal grey, Shalwar Kameez",TRUE,Color,Charcoal Grey,Size,L,,,,500,,0,deny,manual,15000.00,,TRUE,FALSE,,,,,,,,,g,,,,,active
charcoal-grey-shalwar-kameez,,"<div>Tailored from <strong>Italian Wash &amp; Wear</strong> – Now in Our Shalwar Kameez!</div>
<div><span> • Strong &amp; Durable Yarn: Long-lasting &amp; high-quality </span></div>
<div><span> • Rich, Fade-Resistant Colors: Vibrant even after multiple washes </span></div>
<div><span> • Soft &amp; Lightweight: Comfortable for all seasons </span></div>
<div><span> • Effortless Style: Perfect for any occasion </span></div>
<div><br></div>
<div>Experience comfort, style, and luxury in every stitch.</div>",Melone,,Shalwar Kameez,"charcoal grey, Shalwar Kameez",TRUE,Color,Charcoal Grey,Size,XL,,,,500,,0,deny,manual,15000.00,,TRUE,FALSE,,,,,,,,,g,,,,,active
olive-green-shalwar-kameez,Olive Green Shalwar Kameez,"<div>Tailored from <strong>Italian Wash &amp; Wear</strong> – Now in Our Shalwar Kameez!</div>
<div><span> • Strong &amp; Durable Yarn: Long-lasting &amp; high-quality </span></div>
<div><span> • Rich, Fade-Resistant Colors: Vibrant even after multiple washes </span></div>
<div><span> • Soft &amp; Lightweight: Comfortable for all seasons </span></div>
<div><span> • Effortless Style: Perfect for any occasion </span></div>
<div><br></div>
<div>Experience comfort, style, and luxury in every stitch.</div>",Melone,,Shalwar Kameez,"Olive Green, Shalwar Kameez",TRUE,Color,Olive Green,Size,S,,,,500,,0,deny,manual,15000.00,,TRUE,FALSE,,https://cdn.shopify.com/s/files/1/0942/4103/0444/files/ChatGPTImageAug5_2026_01_09_46AM.png?v=1785922308,1,,,,,,g,,,,,active
olive-green-shalwar-kameez,,,,,,,,,,,,,,,,,,,,,,,,,https://cdn.shopify.com/s/files/1/0942/4103/0444/files/5e0c6ee2-2e0e-4266-b961-00729c37a6e8.jpg?v=1789210277,2,,,,,,,,,,,
olive-green-shalwar-kameez,,"<div>Tailored from <strong>Italian Wash &amp; Wear</strong> – Now in Our Shalwar Kameez!</div>
<div><span> • Strong &amp; Durable Yarn: Long-lasting &amp; high-quality </span></div>
<div><span> • Rich, Fade-Resistant Colors: Vibrant even after multiple washes </span></div>
<div><span> • Soft &amp; Lightweight: Comfortable for all seasons </span></div>
<div><span> • Effortless Style: Perfect for any occasion </span></div>
<div><br></div>
<div>Experience comfort, style, and luxury in every stitch.</div>",Melone,,Shalwar Kameez,"Olive Green, Shalwar Kameez",TRUE,Color,Olive Green,Size,M,,,,500,,0,deny,manual,15000.00,,TRUE,FALSE,,,,,,,,,g,,,,,active
olive-green-shalwar-kameez,,"<div>Tailored from <strong>Italian Wash &amp; Wear</strong> – Now in Our Shalwar Kameez!</div>
<div><span> • Strong &amp; Durable Yarn: Long-lasting &amp; high-quality </span></div>
<div><span> • Rich, Fade-Resistant Colors: Vibrant even after multiple washes </span></div>
<div><span> • Soft &amp; Lightweight: Comfortable for all seasons </span></div>
<div><span> • Effortless Style: Perfect for any occasion </span></div>
<div><br></div>
<div>Experience comfort, style, and luxury in every stitch.</div>",Melone,,Shalwar Kameez,"Olive Green, Shalwar Kameez",TRUE,Color,Olive Green,Size,L,,,,500,,0,deny,manual,15000.00,,TRUE,FALSE,,,,,,,,,g,,,,,active
olive-green-shalwar-kameez,,"<div>Tailored from <strong>Italian Wash &amp; Wear</strong> – Now in Our Shalwar Kameez!</div>
<div><span> • Strong &amp; Durable Yarn: Long-lasting &amp; high-quality </span></div>
<div><span> • Rich, Fade-Resistant Colors: Vibrant even after multiple washes </span></div>
<div><span> • Soft &amp; Lightweight: Comfortable for all seasons </span></div>
<div><span> • Effortless Style: Perfect for any occasion </span></div>
<div><br></div>
<div>Experience comfort, style, and luxury in every stitch.</div>",Melone,,Shalwar Kameez,"Olive Green, Shalwar Kameez",TRUE,Color,Olive Green,Size,XL,,,,500,,0,deny,manual,15000.00,,TRUE,FALSE,,,,,,,,,g,,,,,active
green-irish-linen,Green Irish Linen,"<p>Tailored from <strong>100% premium linen</strong>. The <strong>relaxed-fit shirt</strong> features a clean button-down front, full sleeves with cuffs, and a lightweight structure that moves with ease.</p>
<p>A modern take on the <strong>men’s fashion</strong>, this <strong>linen shirt for men</strong> offers timeless style and breathable comfort.</p>
<p>Your order will be reserved upon receipt of a 50% advance payment.</p>
<p><strong>Color:</strong> Green<br><strong>Fabric:</strong> 100% Irish Linen</p>",Melone,,Shirts,"Green, Shirt",TRUE,Color,Green,Size,S,,,,500,,0,deny,manual,8500.00,,TRUE,FALSE,,https://cdn.shopify.com/s/files/1/0942/4103/0444/files/green-linen-1.jpg?v=1789209378,1,,,,,,g,,,,,active
green-irish-linen,,,,,,,,,,,,,,,,,,,,,,,,,https://cdn.shopify.com/s/files/1/0942/4103/0444/files/green-linen-3.jpg?v=1789209378,2,,,,,,,,,,,
green-irish-linen,,,,,,,,,,,,,,,,,,,,,,,,,https://cdn.shopify.com/s/files/1/0942/4103/0444/files/green-linen-2.jpg?v=1789209378,3,,,,,,,,,,,
green-irish-linen,,"<p>Tailored from <strong>100% premium linen</strong>. The <strong>relaxed-fit shirt</strong> features a clean button-down front, full sleeves with cuffs, and a lightweight structure that moves with ease.</p>
<p>A modern take on the <strong>men’s fashion</strong>, this <strong>linen shirt for men</strong> offers timeless style and breathable comfort.</p>
<p>Your order will be reserved upon receipt of a 50% advance payment.</p>
<p><strong>Color:</strong> Green<br><strong>Fabric:</strong> 100% Irish Linen</p>",Melone,,Shirts,"Green, Shirt",TRUE,Color,Green,Size,M,,,,500,,0,deny,manual,8500.00,,TRUE,FALSE,,,,,,,,,g,,,,,active
green-irish-linen,,"<p>Tailored from <strong>100% premium linen</strong>. The <strong>relaxed-fit shirt</strong> features a clean button-down front, full sleeves with cuffs, and a lightweight structure that moves with ease.</p>
<p>A modern take on the <strong>men’s fashion</strong>, this <strong>linen shirt for men</strong> offers timeless style and breathable comfort.</p>
<p>Your order will be reserved upon receipt of a 50% advance payment.</p>
<p><strong>Color:</strong> Green<br><strong>Fabric:</strong> 100% Irish Linen</p>",Melone,,Shirts,"Green, Shirt",TRUE,Color,Green,Size,L,,,,500,,0,deny,manual,8500.00,,TRUE,FALSE,,,,,,,,,g,,,,,active
green-irish-linen,,"<p>Tailored from <strong>100% premium linen</strong>. The <strong>relaxed-fit shirt</strong> features a clean button-down front, full sleeves with cuffs, and a lightweight structure that moves with ease.</p>
<p>A modern take on the <strong>men’s fashion</strong>, this <strong>linen shirt for men</strong> offers timeless style and breathable comfort.</p>
<p>Your order will be reserved upon receipt of a 50% advance payment.</p>
<p><strong>Color:</strong> Green<br><strong>Fabric:</strong> 100% Irish Linen</p>",Melone,,Shirts,"Green, Shirt",TRUE,Color,Green,Size,XL,,,,500,,0,deny,manual,8500.00,,TRUE,FALSE,,,,,,,,,g,,,,,active
blue-irish-linen,Blue Irish Linen,"<p>Tailored from <strong>100% premium linen</strong>. The <strong>relaxed-fit shirt</strong> features a clean button-down front, full sleeves with cuffs, and a lightweight structure that moves with ease.</p>
<p>A modern take on the <strong>men’s fashion</strong>, this <strong>linen shirt for men</strong> offers timeless style and breathable comfort.</p>
<p>Your order will be reserved upon receipt of a 50% advance payment.</p>
<p><strong>Color:</strong> Blue<br><strong>Fabric:</strong> 100% Irish Linen</p>",Melone,,Shirts,"Blue, Shirt",TRUE,Color,Blue,Size,S,,,,500,,0,deny,manual,8500.00,,TRUE,FALSE,,https://cdn.shopify.com/s/files/1/0942/4103/0444/files/Linen-blue_d1872888-9778-4913-875c-61c51940dd3d.jpg?v=1789209764,1,,,,,,g,,,,,active
blue-irish-linen,,,,,,,,,,,,,,,,,,,,,,,,,https://cdn.shopify.com/s/files/1/0942/4103/0444/files/Linen-blue-2.jpg?v=1789209688,2,,,,,,,,,,,
blue-irish-linen,,"<p>Tailored from <strong>100% premium linen</strong>. The <strong>relaxed-fit shirt</strong> features a clean button-down front, full sleeves with cuffs, and a lightweight structure that moves with ease.</p>
<p>A modern take on the <strong>men’s fashion</strong>, this <strong>linen shirt for men</strong> offers timeless style and breathable comfort.</p>
<p>Your order will be reserved upon receipt of a 50% advance payment.</p>
<p><strong>Color:</strong> Blue<br><strong>Fabric:</strong> 100% Irish Linen</p>",Melone,,Shirts,"Blue, Shirt",TRUE,Color,Blue,Size,M,,,,500,,0,deny,manual,8500.00,,TRUE,FALSE,,,,,,,,,g,,,,,active
blue-irish-linen,,"<p>Tailored from <strong>100% premium linen</strong>. The <strong>relaxed-fit shirt</strong> features a clean button-down front, full sleeves with cuffs, and a lightweight structure that moves with ease.</p>
<p>A modern take on the <strong>men’s fashion</strong>, this <strong>linen shirt for men</strong> offers timeless style and breathable comfort.</p>
<p>Your order will be reserved upon receipt of a 50% advance payment.</p>
<p><strong>Color:</strong> Blue<br><strong>Fabric:</strong> 100% Irish Linen</p>",Melone,,Shirts,"Blue, Shirt",TRUE,Color,Blue,Size,L,,,,500,,0,deny,manual,8500.00,,TRUE,FALSE,,,,,,,,,g,,,,,active
blue-irish-linen,,"<p>Tailored from <strong>100% premium linen</strong>. The <strong>relaxed-fit shirt</strong> features a clean button-down front, full sleeves with cuffs, and a lightweight structure that moves with ease.</p>
<p>A modern take on the <strong>men’s fashion</strong>, this <strong>linen shirt for men</strong> offers timeless style and breathable comfort.</p>
<p>Your order will be reserved upon receipt of a 50% advance payment.</p>
<p><strong>Color:</strong> Blue<br><strong>Fabric:</strong> 100% Irish Linen</p>",Melone,,Shirts,"Blue, Shirt",TRUE,Color,Blue,Size,XL,,,,500,,0,deny,manual,8500.00,,TRUE,FALSE,,,,,,,,,g,,,,,active
pink-irish-linen,Pink Irish Linen,"<p>Tailored from <strong>100% premium linen</strong>. The <strong>relaxed-fit shirt</strong> features a clean button-down front, full sleeves with cuffs, and a lightweight structure that moves with ease.</p>
<p>A modern take on the <strong>men’s fashion</strong>, this <strong>linen shirt for men</strong> offers timeless style and breathable comfort.</p>
<p>Your order will be reserved upon receipt of a 50% advance payment.</p>
<p><strong>Color:</strong> Pink<br><strong>Fabric:</strong> 100% Irish Linen</p>",Melone,,Shirts,"Blue, Shirt",TRUE,Color,Pink,Size,S,,,,500,,0,deny,manual,8500.00,,TRUE,FALSE,,https://cdn.shopify.com/s/files/1/0942/4103/0444/files/Linen-pink.jpg?v=1789210062,1,,,,,,g,,,,,active
pink-irish-linen,,,,,,,,,,,,,,,,,,,,,,,,,https://cdn.shopify.com/s/files/1/0942/4103/0444/files/Linen-pink-2.jpg?v=1789210062,2,,,,,,,,,,,
pink-irish-linen,,"<p>Tailored from <strong>100% premium linen</strong>. The <strong>relaxed-fit shirt</strong> features a clean button-down front, full sleeves with cuffs, and a lightweight structure that moves with ease.</p>
<p>A modern take on the <strong>men’s fashion</strong>, this <strong>linen shirt for men</strong> offers timeless style and breathable comfort.</p>
<p>Your order will be reserved upon receipt of a 50% advance payment.</p>
<p><strong>Color:</strong> Pink<br><strong>Fabric:</strong> 100% Irish Linen</p>",Melone,,Shirts,"Blue, Shirt",TRUE,Color,Pink,Size,M,,,,500,,0,deny,manual,8500.00,,TRUE,FALSE,,,,,,,,,g,,,,,active
pink-irish-linen,,"<p>Tailored from <strong>100% premium linen</strong>. The <strong>relaxed-fit shirt</strong> features a clean button-down front, full sleeves with cuffs, and a lightweight structure that moves with ease.</p>
<p>A modern take on the <strong>men’s fashion</strong>, this <strong>linen shirt for men</strong> offers timeless style and breathable comfort.</p>
<p>Your order will be reserved upon receipt of a 50% advance payment.</p>
<p><strong>Color:</strong> Pink<br><strong>Fabric:</strong> 100% Irish Linen</p>",Melone,,Shirts,"Blue, Shirt",TRUE,Color,Pink,Size,L,,,,500,,0,deny,manual,8500.00,,TRUE,FALSE,,,,,,,,,g,,,,,active
pink-irish-linen,,"<p>Tailored from <strong>100% premium linen</strong>. The <strong>relaxed-fit shirt</strong> features a clean button-down front, full sleeves with cuffs, and a lightweight structure that moves with ease.</p>
<p>A modern take on the <strong>men’s fashion</strong>, this <strong>linen shirt for men</strong> offers timeless style and breathable comfort.</p>
<p>Your order will be reserved upon receipt of a 50% advance payment.</p>
<p><strong>Color:</strong> Pink<br><strong>Fabric:</strong> 100% Irish Linen</p>",Melone,,Shirts,"Blue, Shirt",TRUE,Color,Pink,Size,XL,,,,500,,0,deny,manual,8500.00,,TRUE,FALSE,,,,,,,,,g,,,,,active
white-irish-linen,White Irish Linen,"<p>Tailored from <strong>100% premium linen</strong>. The <strong>relaxed-fit shirt</strong> features a clean button-down front, full sleeves with cuffs, and a lightweight structure that moves with ease.</p>
<p>A modern take on the <strong>men’s fashion</strong>, this <strong>linen shirt for men</strong> offers timeless style and breathable comfort.</p>
<p>Your order will be reserved upon receipt of a 50% advance payment.</p>
<p><strong>Color:</strong> Off White<br><strong>Fabric:</strong> 100% Irish Linen</p>",Melone,,Shirts,"Shirt, White",TRUE,Color,White,Size,S,,,,500,,0,deny,manual,8500.00,,TRUE,FALSE,,https://cdn.shopify.com/s/files/1/0942/4103/0444/files/Linen-white-2.jpg?v=1789210169,1,,,,,,g,,,,,active
white-irish-linen,,,,,,,,,,,,,,,,,,,,,,,,,https://cdn.shopify.com/s/files/1/0942/4103/0444/files/Linen-white-1.jpg?v=1789210169,2,,,,,,,,,,,
white-irish-linen,,"<p>Tailored from <strong>100% premium linen</strong>. The <strong>relaxed-fit shirt</strong> features a clean button-down front, full sleeves with cuffs, and a lightweight structure that moves with ease.</p>
<p>A modern take on the <strong>men’s fashion</strong>, this <strong>linen shirt for men</strong> offers timeless style and breathable comfort.</p>
<p>Your order will be reserved upon receipt of a 50% advance payment.</p>
<p><strong>Color:</strong> Off White<br><strong>Fabric:</strong> 100% Irish Linen</p>",Melone,,Shirts,"Shirt, White",TRUE,Color,White,Size,M,,,,500,,0,deny,manual,8500.00,,TRUE,FALSE,,,,,,,,,g,,,,,active
white-irish-linen,,"<p>Tailored from <strong>100% premium linen</strong>. The <strong>relaxed-fit shirt</strong> features a clean button-down front, full sleeves with cuffs, and a lightweight structure that moves with ease.</p>
<p>A modern take on the <strong>men’s fashion</strong>, this <strong>linen shirt for men</strong> offers timeless style and breathable comfort.</p>
<p>Your order will be reserved upon receipt of a 50% advance payment.</p>
<p><strong>Color:</strong> Off White<br><strong>Fabric:</strong> 100% Irish Linen</p>",Melone,,Shirts,"Shirt, White",TRUE,Color,White,Size,L,,,,500,,0,deny,manual,8500.00,,TRUE,FALSE,,,,,,,,,g,,,,,active
white-irish-linen,,"<p>Tailored from <strong>100% premium linen</strong>. The <strong>relaxed-fit shirt</strong> features a clean button-down front, full sleeves with cuffs, and a lightweight structure that moves with ease.</p>
<p>A modern take on the <strong>men’s fashion</strong>, this <strong>linen shirt for men</strong> offers timeless style and breathable comfort.</p>
<p>Your order will be reserved upon receipt of a 50% advance payment.</p>
<p><strong>Color:</strong> Off White<br><strong>Fabric:</strong> 100% Irish Linen</p>",Melone,,Shirts,"Shirt, White",TRUE,Color,White,Size,XL,,,,500,,0,deny,manual,8500.00,,TRUE,FALSE,,,,,,,,,g,,,,,active